source_row,meter_number,installation_number,agreement_number,abone_no,value,sayac_markasi,location,crs,source_x,source_y,latitude,longitude,bina_id,bina_value,bina_layer,method,meters,confidence,overlay,action,reason,hitIds
2,3437138,,,192210,GÜNAL,GÜNAL,POINT (470369.3662 4246557.9417),EPSG:5258,470369.3662,4246557.9417,38.35140184263987,38.661022535357496,6379,ERENLI KURAN KURSU,Maks_Bina,inside,0.000034625941043547206,high,,insert,,6379
3,23660451,,,418647,KLEPSAN,KLEPSAN,POINT (470239.863934059 4246576.03303522),EPSG:5258,470239.863934059,4246576.03303522,38.351560528091994,38.6595402773207,6744,SEYDI BATTAL AVCI,Maks_Bina,inside,0,high,,insert,,6744
4,1472497,,,195042,KLEPSAN,KLEPSAN,POINT (470257.2244 4246553.5571),EPSG:5258,470257.2244,4246553.5571,38.351358627955214,38.659739827477416,6420,UAVT 253650626,Maks_Bina,inside,0.000025623899509363813,high,,insert,,6420
5,9784965,,,195043,CEM,CEM,POINT (470235.8849 4246566.1462),EPSG:5258,470235.8849,4246566.1462,38.35147132942676,38.659495174489464,6517,UAVT 248399586,Maks_Bina,inside,0.00010819739045967546,high,,insert,,6517
6,7511090,,,195044,CEM,CEM,POINT (470218.6481 4246578.3196),EPSG:5258,470218.6481,4246578.3196,38.351580421888,38.659297472946854,6457,UAVT 242568855,Maks_Bina,inside,0.0000074533871889292,high,,insert,,6457
7,4910007,,,195040,GÜNAL,GÜNAL,POINT (470285.3781 4246558.3961),EPSG:5258,470285.3781,4246558.3961,38.35140315468454,38.660061699434635,6633,UAVT 403295538,Maks_Bina,inside,0,high,,insert,,6633
8,2403403577,,,425813,KLEPSAN,KLEPSAN,POINT (470261.4089 4246577.4544),EPSG:5258,470261.4089,4246577.4544,38.35157404795247,38.65978669052735,6360,UAVT 254720311,Maks_Bina,inside,0,high,,insert,,6360
9,7517231,,,195041,CEM,CEM,POINT (470261.4089 4246577.4544),EPSG:5258,470261.4089,4246577.4544,38.35157404795247,38.65978669052735,6360,UAVT 254720311,Maks_Bina,inside,0,high,,insert,,6360
10,91169,,,195039,PAKSAY,PAKSAY,POINT (470294.16 4246553.7165),EPSG:5258,470294.16,4246553.7165,38.351361289262194,38.660162360652166,6527,UAVT 255887119,Maks_Bina,inside,0.00009956988080888809,high,,insert,,6527
11,91776-1,,,192213,PAKSAY,PAKSAY,POINT (470485.2441 4246519.7653),EPSG:5258,470485.2441,4246519.7653,38.351061751446444,38.6623497659505,6522,UAVT 252684303,Maks_Bina,inside,0,high,,insert,,6522
12,23411965,,,424693,KLEPSAN,KLEPSAN,POINT (470319.218380939 4246700.92583884),EPSG:5258,470319.218380939,4246700.92583884,38.352688269001625,38.66044283342956,6747,UAVT 834488678,Maks_Bina,inside,0,high,,insert,,6747
13,90848-1,,,193907,PAKSAY,PAKSAY,POINT (470300.3204 4246727.7379),EPSG:5258,470300.3204,4246727.7379,38.35292918171,38.6602255096003,6475,UAVT 254929748,Maks_Bina,inside,0.00013109770118154316,high,,insert,,6475
14,12578,,,192777,PAKSAY,PAKSAY,POINT (470257.7492 4246729.1511),EPSG:5258,470257.7492,4246729.1511,38.352940500435594,38.659738428877446,6471,UAVT 253032411,Maks_Bina,inside,0.00002446911480501868,high,,insert,,6471
15,1351397,,,193618,PAKSAY,PAKSAY,POINT (470257.7492 4246729.1511),EPSG:5258,470257.7492,4246729.1511,38.352940500435594,38.659738428877446,6471,UAVT 253032411,Maks_Bina,inside,0.00002446911480501868,high,,insert,,6471
16,502942,,,248231,KLEPSAN,KLEPSAN,POINT (470890.0814 4249875.2271),EPSG:5258,470890.0814,4249875.2271,38.38130293846449,38.6668425108689,6698,UAVT 420592180,Maks_Bina,inside,0,high,,insert,,6698
17,12200366,,,192043,BAYLAN,BAYLAN,POINT (471082.373 4249974.5245),EPSG:5258,471082.373,4249974.5245,38.38220369817688,38.669039141760685,6406,UAVT 254014640,Maks_Bina,inside,0.000007931744626116281,high,,insert,,6406
18,26683891,,,184114,BAYLAN,BAYLAN,POINT (471140.7968 4250036.6584),EPSG:5258,471140.7968,4250036.6584,38.38276532069838,38.66970524371811,6557,UAVT 254947104,Maks_Bina,inside,0.000007926881688757414,high,,insert,,6557
19,8194784,,,192224,CEM,CEM,POINT (470563.0806 4246453.6732),EPSG:5258,470563.0806,4246453.6732,38.35046891480334,38.663242962384885,6368,UAVT 253045108,Maks_Bina,inside,0,high,,insert,,6368
20,12218860,,,192222,BAYLAN,BAYLAN,POINT (470485.1026 4246461.3149999995),EPSG:5258,470485.1026,4246461.3149999995,38.35053519149811,38.6623505922163,6538,UAVT 253366215,Maks_Bina,inside,8.383027322093061e-9,high,,insert,,6538
21,12215015,,,192223,BAYLAN,BAYLAN,POINT (470485.1026 4246461.3149999995),EPSG:5258,470485.1026,4246461.3149999995,38.35053519149811,38.6623505922163,6538,UAVT 253366215,Maks_Bina,inside,8.383027322093061e-9,high,,insert,,6538
22,7493575,,,195460,CEM,CEM,POINT (470485.2296 4246477.376),EPSG:5258,470485.2296,4246477.376,38.350679882787425,38.6623513732378,6393,UAVT 258114149,Maks_Bina,inside,0.000022393623050468515,high,,insert,,6393
23,3813034,,,468407,KLEPSAN,KLEPSAN,POINT (471220.3205 4250065.496),EPSG:5258,471220.3205,4250065.496,38.38302766660096,38.67061420365084,6568,İHSAN KOLCUK,Maks_Bina,inside,0.00008525818098945074,high,,insert,,6568
24,1216903,,,364251,TÜRKOĞLU,TÜRKOĞLU,POINT (466345.3161 4250296.9681),EPSG:5258,466345.3161,4250296.9681,38.38494284126201,38.61480940120132,6405,EMRAH ÇELEN,Maks_Bina,inside,0,high,,insert,,6405
25,3579238,,,369347,KLEPSAN,KLEPSAN,POINT (466345.3161 4250296.9681),EPSG:5258,466345.3161,4250296.9681,38.38494284126201,38.61480940120132,6405,EMRAH ÇELEN,Maks_Bina,inside,0,high,,insert,,6405
26,3716770,,,370631,KLEPSAN,KLEPSAN,POINT (466345.3161 4250296.9681),EPSG:5258,466345.3161,4250296.9681,38.38494284126201,38.61480940120132,6405,EMRAH ÇELEN,Maks_Bina,inside,0,high,,insert,,6405
27,933067,,,235376,KLEPSAN,KLEPSAN,POINT (466345.3161 4250296.9681),EPSG:5258,466345.3161,4250296.9681,38.38494284126201,38.61480940120132,6405,EMRAH ÇELEN,Maks_Bina,inside,0,high,,insert,,6405
28,25903525,,,368099,BAYLAN,BAYLAN,POINT (466394.9003 4250314.6185),EPSG:5258,466394.9003,4250314.6185,38.38510370819005,38.61537605723195,6430,UAVT 254508690,Maks_Bina,inside,0.00006784632952877818,high,,insert,,6430
29,12171481,,,197914,BAYLAN,BAYLAN,POINT (470278.0348 4246880.6624),EPSG:5258,470278.0348,4246880.6624,38.35430607710401,38.659964116177335,6501,UAVT 255697963,Maks_Bina,inside,0,high,,insert,,6501
30,2937827,,,193916,CEM,CEM,POINT (470280.5313 4246640.4483),EPSG:5258,470280.5313,4246640.4483,38.352142168957805,38.66000279620944,6545,UAVT 251399218,Maks_Bina,inside,0.0000833529780270873,high,,insert,,6545
31,502985,,,195465,KLEPSAN,KLEPSAN,POINT (470898.743 4250891.7909),EPSG:5258,470898.743,4250891.7909,38.39046098463565,38.66689963925641,6516,UAVT 253555130,Maks_Bina,inside,0.00010820348525605941,high,,insert,,6516
32,8203430,,,192190,CEM,CEM,POINT (470912.5475 4250846.1196),EPSG:5258,470912.5475,4250846.1196,38.390050001690305,38.66705953306424,6418,UAVT 749713715,Maks_Bina,inside,0.000001925452627210517,high,,insert,,6418
33,1265807,,,332676,PAKSAY,PAKSAY,POINT (470912.5475 4250846.1196),EPSG:5258,470912.5475,4250846.1196,38.390050001690305,38.66705953306424,6418,UAVT 749713715,Maks_Bina,inside,0.000001925452627210517,high,,insert,,6418
34,2503567975,,,425579,KLEPSAN,KLEPSAN,POINT (470912.6004 4250843.1562),EPSG:5258,470912.6004,4250843.1562,38.3900233074954,38.66706026096112,6418,UAVT 749713715,Maks_Bina,inside,0,high,,insert,,6418
35,12178964,,,195466,BAYLAN,BAYLAN,POINT (471039.5167 4250592.2234000005),EPSG:5258,471039.5167,4250592.2234000005,38.38776688484994,38.66852326473218,6506,UAVT 248354656,Maks_Bina,inside,0.00010762506903197834,high,,insert,,6506
36,1681658,,,192381,TÜRKOĞLU,TÜRKOĞLU,POINT (470900.3851 4250918.2389),EPSG:5258,470900.3851,4250918.2389,38.39069929594785,38.66691734193465,6362,UAVT 253550974,Maks_Bina,inside,0.00010820394210211947,high,,insert,,6362
37,26720271,,,392429,BAYLAN,BAYLAN,POINT (470952.8616 4250896.6157),EPSG:5258,470952.8616,4250896.6157,38.39050620761375,38.66751888578575,6490,UAVT 240051458,Maks_Bina,inside,0.00010800563170040617,high,,insert,,6490
38,2158739,,,403293,TÜRKOĞLU,TÜRKOĞLU,POINT (470952.8616 4250896.6157),EPSG:5258,470952.8616,4250896.6157,38.39050620761375,38.66751888578575,6490,UAVT 240051458,Maks_Bina,inside,0.00010800563170040617,high,,insert,,6490
39,3262843,,,369308,KLEPSAN,KLEPSAN,POINT (470952.8616 4250896.6157),EPSG:5258,470952.8616,4250896.6157,38.39050620761375,38.66751888578575,6490,UAVT 240051458,Maks_Bina,inside,0.00010800563170040617,high,,insert,,6490
40,4469445,,,387488,KLEPSAN,KLEPSAN,POINT (470952.8616 4250896.6157),EPSG:5258,470952.8616,4250896.6157,38.39050620761375,38.66751888578575,6490,UAVT 240051458,Maks_Bina,inside,0.00010800563170040617,high,,insert,,6490
41,26702799,,,368042,BAYLAN,BAYLAN,POINT (470952.8616 4250896.6157),EPSG:5258,470952.8616,4250896.6157,38.39050620761375,38.66751888578575,6490,UAVT 240051458,Maks_Bina,inside,0.00010800563170040617,high,,insert,,6490
42,25916591,,,379138,BAYLAN,BAYLAN,POINT (470952.8616 4250896.6157),EPSG:5258,470952.8616,4250896.6157,38.39050620761375,38.66751888578575,6490,UAVT 240051458,Maks_Bina,inside,0.00010800563170040617,high,,insert,,6490
43,2403440431,,,410077,KLEPSAN,KLEPSAN,POINT (470952.8616 4250896.6157),EPSG:5258,470952.8616,4250896.6157,38.39050620761375,38.66751888578575,6490,UAVT 240051458,Maks_Bina,inside,0.00010800563170040617,high,,insert,,6490
44,1798946,,,382348,KLEPSAN,KLEPSAN,POINT (470952.8616 4250896.6157),EPSG:5258,470952.8616,4250896.6157,38.39050620761375,38.66751888578575,6490,UAVT 240051458,Maks_Bina,inside,0.00010800563170040617,high,,insert,,6490
45,23197,,,290505,KLEPSAN,KLEPSAN,POINT (470952.8616 4250896.6157),EPSG:5258,470952.8616,4250896.6157,38.39050620761375,38.66751888578575,6490,UAVT 240051458,Maks_Bina,inside,0.00010800563170040617,high,,insert,,6490
46,1152319,,,372097,TÜRKOĞLU,TÜRKOĞLU,POINT (470952.8616 4250896.6157),EPSG:5258,470952.8616,4250896.6157,38.39050620761375,38.66751888578575,6490,UAVT 240051458,Maks_Bina,inside,0.00010800563170040617,high,,insert,,6490
47,2009797,,,418967,PAKSAY,PAKSAY,POINT (470952.8616 4250896.6157),EPSG:5258,470952.8616,4250896.6157,38.39050620761375,38.66751888578575,6490,UAVT 240051458,Maks_Bina,inside,0.00010800563170040617,high,,insert,,6490
48,23658403,,,419306,KLEPSAN,KLEPSAN,POINT (470952.8616 4250896.6157),EPSG:5258,470952.8616,4250896.6157,38.39050620761375,38.66751888578575,6490,UAVT 240051458,Maks_Bina,inside,0.00010800563170040617,high,,insert,,6490
49,3509132,,,371287,KLEPSAN,KLEPSAN,POINT (470952.8616 4250896.6157),EPSG:5258,470952.8616,4250896.6157,38.39050620761375,38.66751888578575,6490,UAVT 240051458,Maks_Bina,inside,0.00010800563170040617,high,,insert,,6490
50,1265595,,,192191,PAKSAY,PAKSAY,POINT (470935.4923 4250898.3498),EPSG:5258,470935.4923,4250898.3498,38.39052126527316,38.66732000378098,6500,UAVT 254362353,Maks_Bina,inside,0.0001080217695408142,high,,insert,,6500
51,1278886,,,367645,TÜRKOĞLU,TÜRKOĞLU,POINT (471075.6276 4250506.7743),EPSG:5258,471075.6276,4250506.7743,38.38699828049108,38.668940086748194,6511,UAVT 654959378,Maks_Bina,inside,0,high,,insert,,6511
52,9781913,,,195467,CEM,CEM,POINT (470934.1692 4250918.3721),EPSG:5258,470934.1692,4250918.3721,38.39070159401862,38.66730403303722,6453,UAVT 255438350,Maks_Bina,inside,0.00010821552883775123,high,,insert,,6453
53,26694350,,,394083,BAYLAN,BAYLAN,POINT (471172.4205 4250849.0526),EPSG:5258,471172.4205,4250849.0526,38.39008483421867,38.670033922510214,6722,AHMET DOĞAN,Maks_Bina,inside,0.000014652375753612627,high,,insert,,6722
54,2503364458,,,420897,KLEPSAN,KLEPSAN,POINT (471249.3664 4250595.5864),EPSG:5258,471249.3664,4250595.5864,38.3878039476626,38.67092499440177,6676,UAVT 647351717,Maks_Bina,inside,0,high,,insert,,6676
55,2503364333,,,420894,KLEPSAN,KLEPSAN,POINT (471249.1461 4250593.7618),EPSG:5258,471249.1461,4250593.7618,38.3877875035851,38.67092254740752,6676,UAVT 647351717,Maks_Bina,inside,0.00002183029132961389,high,,insert,,6676
56,2503365684,,,420896,KLEPSAN,KLEPSAN,POINT (471249.6802 4250598.1844999995),EPSG:5258,471249.6802,4250598.1844999995,38.38782736285705,38.67092847999093,6676,UAVT 647351717,Maks_Bina,inside,0,high,,insert,,6676
57,2503364462,,,420895,KLEPSAN,KLEPSAN,POINT (471249.9431 4250600.3615),EPSG:5258,471249.9431,4250600.3615,38.38784698291582,38.67093140018772,6676,UAVT 647351717,Maks_Bina,inside,0,high,,insert,,6676
58,2503364639,,,420899,KLEPSAN,KLEPSAN,POINT (471257.8562 4250601.8822),EPSG:5258,471257.8562,4250601.8822,38.38786093642481,38.67102190883561,6614,UAVT 637678012,Maks_Bina,inside,0,high,,insert,,6614
59,2503364806,,,420898,KLEPSAN,KLEPSAN,POINT (471274.8082 4250607.3439),EPSG:5258,471274.8082,4250607.3439,38.387910682766574,38.67121571306194,6614,UAVT 637678012,Maks_Bina,inside,0,high,,insert,,6614
60,6294975,,,195038,BAYLAN,BAYLAN,POINT (470334.3395 4246541.4237),EPSG:5258,470334.3395,4246541.4237,38.35125187961562,38.66062252734941,6455,UAVT 247251820,Maks_Bina,inside,0.00009174477227506316,high,,insert,,6455
61,1522224,,,195037,PAKSAY,PAKSAY,POINT (470334.3395 4246541.4237),EPSG:5258,470334.3395,4246541.4237,38.35125187961562,38.66062252734941,6455,UAVT 247251820,Maks_Bina,inside,0.00009174477227506316,high,,insert,,6455
62,1521855,,,193610,PAKSAY,PAKSAY,POINT (470391.7216 4246662.0906),EPSG:5258,470391.7216,4246662.0906,38.35234081701651,38.66127390865285,6519,UAVT 255044760,Maks_Bina,inside,0,high,,insert,,6519
63,8783317,,,404997,KLEPSAN,KLEPSAN,POINT (469059.4046 4251025.144),EPSG:5258,469059.4046,4251025.144,38.391600584085005,38.64584060772346,6686,UAVT 660850140,Maks_Bina,inside,0,high,,insert,,6686
64,7518348,,,192200,CEM,CEM,POINT (470512.8866 4246501.1316),EPSG:5258,470512.8866,4246501.1316,38.350894798061276,38.66266677114486,6346,UAVT 246041073,Maks_Bina,inside,0.00011773667034788339,high,,insert,,6346
65,24651340,,,192014,BAYLAN,BAYLAN,POINT (470499.8416 4246503.5668),EPSG:5258,470499.8416,4246503.5668,38.350916306398645,38.66251743663543,6548,UAVT 241369255,Maks_Bina,inside,0,high,,insert,,6548
66,271931,,,183111,KLEPSAN,KLEPSAN,POINT (470499.8416 4246503.5668),EPSG:5258,470499.8416,4246503.5668,38.350916306398645,38.66251743663543,6548,UAVT 241369255,Maks_Bina,inside,0,high,,insert,,6548
67,91444,,,299561,PAKSAY,PAKSAY,POINT (470499.8416 4246503.5668),EPSG:5258,470499.8416,4246503.5668,38.350916306398645,38.66251743663543,6548,UAVT 241369255,Maks_Bina,inside,0,high,,insert,,6548
68,91853-1,,,193615,PAKSAY,PAKSAY,POINT (470499.8416 4246503.5668),EPSG:5258,470499.8416,4246503.5668,38.350916306398645,38.66251743663543,6548,UAVT 241369255,Maks_Bina,inside,0,high,,insert,,6548
69,26687071,,,192193,BAYLAN,BAYLAN,POINT (470499.8416 4246503.5668),EPSG:5258,470499.8416,4246503.5668,38.350916306398645,38.66251743663543,6548,UAVT 241369255,Maks_Bina,inside,0,high,,insert,,6548
70,22291254,,,391525,KLEPSAN,KLEPSAN,POINT (470499.8416 4246503.5668),EPSG:5258,470499.8416,4246503.5668,38.350916306398645,38.66251743663543,6548,UAVT 241369255,Maks_Bina,inside,0,high,,insert,,6548
71,91800-1,,,197908,PAKSAY,PAKSAY,POINT (470499.8416 4246503.5668),EPSG:5258,470499.8416,4246503.5668,38.350916306398645,38.66251743663543,6548,UAVT 241369255,Maks_Bina,inside,0,high,,insert,,6548
72,1682133,,,342532,TÜRKOĞLU,TÜRKOĞLU,POINT (470499.8416 4246503.5668),EPSG:5258,470499.8416,4246503.5668,38.350916306398645,38.66251743663543,6548,UAVT 241369255,Maks_Bina,inside,0,high,,insert,,6548
73,12204789,,,197917,BAYLAN,BAYLAN,POINT (470499.8416 4246503.5668),EPSG:5258,470499.8416,4246503.5668,38.350916306398645,38.66251743663543,6548,UAVT 241369255,Maks_Bina,inside,0,high,,insert,,6548
74,2874234-1,,,197916,CEM,CEM,POINT (470499.8416 4246503.5668),EPSG:5258,470499.8416,4246503.5668,38.350916306398645,38.66251743663543,6548,UAVT 241369255,Maks_Bina,inside,0,high,,insert,,6548
75,502954,,,186992,TEKSAN,TEKSAN,POINT (470499.8416 4246503.5668),EPSG:5258,470499.8416,4246503.5668,38.350916306398645,38.66251743663543,6548,UAVT 241369255,Maks_Bina,inside,0,high,,insert,,6548
76,22291127,,,391526,KLEPSAN,KLEPSAN,POINT (470499.8416 4246503.5668),EPSG:5258,470499.8416,4246503.5668,38.350916306398645,38.66251743663543,6548,UAVT 241369255,Maks_Bina,inside,0,high,,insert,,6548
77,7493110,,,314193,CEM,CEM,POINT (470499.8416 4246503.5668),EPSG:5258,470499.8416,4246503.5668,38.350916306398645,38.66251743663543,6548,UAVT 241369255,Maks_Bina,inside,0,high,,insert,,6548
78,3252666,,,358720,KLEPSAN,KLEPSAN,POINT (470499.8416 4246503.5668),EPSG:5258,470499.8416,4246503.5668,38.350916306398645,38.66251743663543,6548,UAVT 241369255,Maks_Bina,inside,0,high,,insert,,6548
79,852912,,,186966,KLEPSAN,KLEPSAN,POINT (470499.8416 4246503.5668),EPSG:5258,470499.8416,4246503.5668,38.350916306398645,38.66251743663543,6548,UAVT 241369255,Maks_Bina,inside,0,high,,insert,,6548
80,1259494,,,368585,TÜRKOĞLU,TÜRKOĞLU,POINT (470499.8416 4246503.5668),EPSG:5258,470499.8416,4246503.5668,38.350916306398645,38.66251743663543,6548,UAVT 241369255,Maks_Bina,inside,0,high,,insert,,6548
81,8612238,,,193909,GÜNAL,GÜNAL,POINT (470499.8416 4246503.5668),EPSG:5258,470499.8416,4246503.5668,38.350916306398645,38.66251743663543,6548,UAVT 241369255,Maks_Bina,inside,0,high,,insert,,6548
82,7502181,,,314194,CEM,CEM,POINT (470499.8416 4246503.5668),EPSG:5258,470499.8416,4246503.5668,38.350916306398645,38.66251743663543,6548,UAVT 241369255,Maks_Bina,inside,0,high,,insert,,6548
83,1522230,,,298166,PAKSAY,PAKSAY,POINT (470499.8416 4246503.5668),EPSG:5258,470499.8416,4246503.5668,38.350916306398645,38.66251743663543,6548,UAVT 241369255,Maks_Bina,inside,0,high,,insert,,6548
84,8225491,,,247043,CEM,CEM,POINT (470667.3416 4246503.0143),EPSG:5258,470667.3416,4246503.0143,38.350916828306104,38.66443363338282,6427,UAVT 246137723,Maks_Bina,inside,0.0003587560786094883,high,,insert,,6427
85,3642543-1,,,192216,GÜNAL,GÜNAL,POINT (470996.447 4246380.0684),EPSG:5258,470996.447,4246380.0684,38.34981997090142,38.66820360258092,6376,UAVT 254855034,Maks_Bina,inside,0.00015807465694826688,high,,insert,,6376
86,12183465,,,194169,BAYLAN,BAYLAN,POINT (470602.5119 4246477.8162),EPSG:5258,470602.5119,4246477.8162,38.35068770401155,38.66369304160939,6524,UAVT 253787139,Maks_Bina,inside,0.00002352093915863287,high,,insert,,6524
87,986622,,,254185,PAKSAY,PAKSAY,POINT (470476.3118 4246666.2306),EPSG:5258,470476.3118,4246666.2306,38.35238090403062,38.66224145282369,6404,UAVT 255019648,Maks_Bina,inside,0.000090617134330277,high,,insert,,6404
88,1113946,,,368469,PAKSAY,PAKSAY,POINT (468162.0122 4249680.0094),EPSG:5258,468162.0122,4249680.0094,38.379451429560206,38.63562965798321,6552,UAVT 241216761,Maks_Bina,inside,0.000007588900620246525,high,,insert,,6552
89,2403440912,,,420378,KLEPSAN,KLEPSAN,POINT (469305.841942146 4250439.62418635),EPSG:5258,469305.841942146,4250439.62418635,38.386334401523506,38.648686905914715,6753,UAVT 766965719,Maks_Bina,inside,0,high,,insert,,6753
90,2403440718,,,420739,KLEPSAN,KLEPSAN,POINT (469305.841942146 4250439.62418635),EPSG:5258,469305.841942146,4250439.62418635,38.386334401523506,38.648686905914715,6753,UAVT 766965719,Maks_Bina,inside,0,high,,insert,,6753
91,23163143,,,409625,KLEPSAN,KLEPSAN,POINT (469271.5352 4250463.4192),EPSG:5258,469271.5352,4250463.4192,38.386547582242706,38.64829321335004,6608,UAVT 697194264,Maks_Bina,inside,0,high,,insert,,6608
92,4515870,,,387982,KLEPSAN,KLEPSAN,POINT (470572.6305 4246018.9941),EPSG:5258,470572.6305,4246018.9941,38.34655337705215,38.66337033794571,6584,UAVT 255065880,Maks_Bina,inside,0,high,,insert,,6584
93,3663688,,,377537,KLEPSAN,KLEPSAN,POINT (468825.5697 4250709.6286),EPSG:5258,468825.5697,4250709.6286,38.388750140406614,38.64317804800966,6443,UAVT 255708497,Maks_Bina,inside,0,high,,insert,,6443
94,3362494,,,368906,KLEPSAN,KLEPSAN,POINT (468839.4535 4250746.646),EPSG:5258,468839.4535,4250746.646,38.38908409605684,38.64333532099303,6389,UAVT 255514853,Maks_Bina,inside,0.00000793616659217708,high,,insert,,6389
95,90550-1,,,193611,PAKSAY,PAKSAY,POINT (470383.6451 4246646.6673),EPSG:5258,470383.6451,4246646.6673,38.352201607813036,38.661182160401914,6403,UAVT 252804893,Maks_Bina,inside,0.0000016878782208643293,high,,insert,,6403
96,12171483,,,193612,BAYLAN,BAYLAN,POINT (470347.0924 4246623.0312),EPSG:5258,470347.0924,4246623.0312,38.35198747074715,38.66076498936927,6493,UAVT 244951612,Maks_Bina,inside,0,high,,insert,,6493
97,91867,,,193616,PAKSAY,PAKSAY,POINT (470296.9451 4246663.4797),EPSG:5258,470296.9451,4246663.4797,38.35235019379974,38.660189600978775,6656,UAVT 568405054,Maks_Bina,inside,0.000007745159708777005,high,,insert,,6656
98,1405242,,,368261,TEKSAN,TEKSAN,POINT (468942.9245 4249618.8357),EPSG:5258,468942.9245,4249618.8357,38.37892778004682,38.64456935613238,6564,UAVT 257332072,Maks_Bina,inside,0,high,,insert,,6564
99,12206428,,,274220,BAYLAN,BAYLAN,POINT (470506.3626 4246580.7475000005),EPSG:5258,470506.3626,4246580.7475000005,38.35161181097725,38.662588809586794,6529,UAVT 240917302,Maks_Bina,inside,0.000007750160475573136,high,,insert,,6529
100,26706254,,,405416,BAYLAN,BAYLAN,POINT (470506.3626 4246580.7475000005),EPSG:5258,470506.3626,4246580.7475000005,38.35161181097725,38.662588809586794,6529,UAVT 240917302,Maks_Bina,inside,0.000007750160475573136,high,,insert,,6529
101,2577634,,,192814,BAYLAN,BAYLAN,POINT (470495.2967 4246603.3174),EPSG:5258,470495.2967,4246603.3174,38.35181476978249,38.662461272402346,6338,UAVT 241865591,Maks_Bina,inside,0.000006759254696884304,high,,insert,,6338
102,26694337,,,420376,BAYLAN,BAYLAN,POINT (470343.324146972 4246591.19420097),EPSG:5258,470343.324146972,4246591.19420097,38.35170053938163,38.66072321874817,6748,UAVT 970827150,Maks_Bina,inside,0,high,,insert,,6748
103,797996,,,192817,BAYLAN,BAYLAN,POINT (470335.0776 4246580.3397),EPSG:5258,470335.0776,4246580.3397,38.351602482574094,38.66062933493198,6428,UAVT 250973286,Maks_Bina,inside,0.000007249940988478511,high,,insert,,6428
104,91893-1,,,197901,PAKSAY,PAKSAY,POINT (470323.4344 4246940.6471),EPSG:5258,470323.4344,4246940.6471,38.35484795975009,38.660480981110375,6460,UAVT 252006945,Maks_Bina,inside,0,high,,insert,,6460
105,26694341,,,384801,BAYLAN,BAYLAN,POINT (470323.4344 4246940.6471),EPSG:5258,470323.4344,4246940.6471,38.35484795975009,38.660480981110375,6460,UAVT 252006945,Maks_Bina,inside,0,high,,insert,,6460
106,10106723,,,197900,TEKSAN,TEKSAN,POINT (470317.9893 4246889.8371),EPSG:5258,470317.9893,4246889.8371,38.354390052858925,38.66042082451994,6470,UAVT 255325086,Maks_Bina,inside,0,high,,insert,,6470
107,2403450343,,,455516,KLEPSAN,KLEPSAN,POINT (470341.6461 4246808.7146),EPSG:5258,470341.6461,4246808.7146,38.35366003682111,38.66069487788293,6409,UAVT 259202778,Maks_Bina,inside,0.0000055709789292343094,high,,insert,,6409
108,1680482,,,192012,TÜRKOĞLU,TÜRKOĞLU,POINT (470341.6461 4246808.7146),EPSG:5258,470341.6461,4246808.7146,38.35366003682111,38.66069487788293,6409,UAVT 259202778,Maks_Bina,inside,0.0000055709789292343094,high,,insert,,6409
109,3392461,,,192209,GÜNAL,GÜNAL,POINT (470445.9884 4246575.9262),EPSG:5258,470445.9884,4246575.9262,38.35156638840882,38.66189833365988,6421,ERENLI BELEDIYESI MERKEZ CAMII,Maks_Bina,inside,0.00010799550831232435,high,,insert,,6421
110,90761,,,195036,KONTROLDE,KONTROLDE,POINT (470306.7722 4246521.8672),EPSG:5258,470306.7722,4246521.8672,38.351074789846386,38.66030798342569,6509,UAVT 245584784,Maks_Bina,inside,0.00006444650981992308,high,,insert,,6509
111,1152310,,,371924,TÜRKOĞLU,TÜRKOĞLU,POINT (470314.2238 4246538.4089),EPSG:5258,470314.2238,4246538.4089,38.35122405425626,38.66039253275227,6384,UAVT 252106349,Maks_Bina,inside,0,high,,insert,,6384
112,24646401,,,195035,BAYLAN,BAYLAN,POINT (470257.8661 4246513.1392),EPSG:5258,470257.8661,4246513.1392,38.350994540743265,38.659748872216944,6477,UAVT 250967429,Maks_Bina,inside,0,high,,insert,,6477
113,258156,,,193617,GÜNAL,GÜNAL,POINT (470289.0176 4246705.9036),EPSG:5258,470289.0176,4246705.9036,38.35273211062965,38.66009712330836,6415,UAVT 247250368,Maks_Bina,inside,0,high,,insert,,6415
114,24657441,,,370425,BAYLAN,BAYLAN,POINT (470353.7231 4246687.3707),EPSG:5258,470353.7231,4246687.3707,38.352567298660986,38.66083814110003,6628,UAVT 255682676,Maks_Bina,inside,0.0001083138476271382,high,,insert,,6628
115,12190269,,,193601,BAYLAN,BAYLAN,POINT (470500.3384 4246674.9408),EPSG:5258,470500.3384,4246674.9408,38.35246016211353,38.66251595466928,6342,UAVT 254573694,Maks_Bina,inside,0.00000842582430648681,high,,insert,,6342
116,24651339,,,197905,BAYLAN,BAYLAN,POINT (470503.5377 4246627.6553),EPSG:5258,470503.5377,4246627.6553,38.35203429145679,38.66255453181634,6450,UAVT 245876768,Maks_Bina,inside,0.00003776366736153128,high,,insert,,6450
117,7524462,,,192807,CEM,CEM,POINT (470538.6012 4246638.0762),EPSG:5258,470538.6012,4246638.0762,38.352129322801886,38.66295522374352,6361,UAVT 255365421,Maks_Bina,inside,0.000051914639842621606,high,,insert,,6361
118,12171482,,,197909,BAYLAN,BAYLAN,POINT (470235.0431 4246791.108),EPSG:5258,470235.0431,4246791.108,38.35349789081871,38.65947605357153,6480,UAVT 255296287,Maks_Bina,inside,0,high,,insert,,6480
119,24657395,,,404824,BAYLAN,BAYLAN,POINT (470235.0431 4246791.108),EPSG:5258,470235.0431,4246791.108,38.35349789081871,38.65947605357153,6480,UAVT 255296287,Maks_Bina,inside,0,high,,insert,,6480
120,2403183967,,,432573,KLEPSAN,KLEPSAN,POINT (466134.3986 4251144.3193),EPSG:5258,466134.3986,4251144.3193,38.39256823952618,38.61235467502198,6751,MEHMET ÖZHAN,Maks_Bina,inside,0,high,,insert,,6751
121,9788992,,,190983,CEM,CEM,POINT (470687.9158 4246486.1292),EPSG:5258,470687.9158,4246486.1292,38.3507653904919,38.66466970049054,6468,UAVT 255518060,Maks_Bina,inside,0.000007752324126530946,high,,insert,,6468
122,20515325,,,372057,TEKSAN,TEKSAN,POINT (470998.8753 4250811.7617),EPSG:5258,470998.8753,4250811.7617,38.38974328931517,38.668049056903946,6423,UAVT 248515348,Maks_Bina,inside,0.00010822284912376587,high,,insert,,6423
123,2586084,,,186985,BAYLAN,BAYLAN,POINT (470998.8753 4250811.7617),EPSG:5258,470998.8753,4250811.7617,38.38974328931517,38.668049056903946,6423,UAVT 248515348,Maks_Bina,inside,0.00010822284912376587,high,,insert,,6423
124,868672,,,186965,KLEPSAN,KLEPSAN,POINT (470488.6402 4246536.3472),EPSG:5258,470488.6402,4246536.3472,38.3512112429821,38.66238792331667,6494,UAVT 240316802,Maks_Bina,inside,0.000007206055558438589,high,,insert,,6494
125,3586186,,,195049,GÜNAL,GÜNAL,POINT (470488.6402 4246536.3472),EPSG:5258,470488.6402,4246536.3472,38.3512112429821,38.66238792331667,6494,UAVT 240316802,Maks_Bina,inside,0.000007206055558438589,high,,insert,,6494
126,26703807,,,190986,BAYLAN,BAYLAN,POINT (470488.6402 4246536.3472),EPSG:5258,470488.6402,4246536.3472,38.3512112429821,38.66238792331667,6494,UAVT 240316802,Maks_Bina,inside,0.000007206055558438589,high,,insert,,6494
127,868637,,,186970,KLEPSAN,KLEPSAN,POINT (470488.6402 4246536.3472),EPSG:5258,470488.6402,4246536.3472,38.3512112429821,38.66238792331667,6494,UAVT 240316802,Maks_Bina,inside,0.000007206055558438589,high,,insert,,6494
128,6289012,,,193899,BAYLAN,BAYLAN,POINT (470488.6402 4246536.3472),EPSG:5258,470488.6402,4246536.3472,38.3512112429821,38.66238792331667,6494,UAVT 240316802,Maks_Bina,inside,0.000007206055558438589,high,,insert,,6494
129,12174386,,,197911,BAYLAN,BAYLAN,POINT (470488.6402 4246536.3472),EPSG:5258,470488.6402,4246536.3472,38.3512112429821,38.66238792331667,6494,UAVT 240316802,Maks_Bina,inside,0.000007206055558438589,high,,insert,,6494
130,1138356,,,192205,PAKSAN,PAKSAN,POINT (470488.6402 4246536.3472),EPSG:5258,470488.6402,4246536.3472,38.3512112429821,38.66238792331667,6494,UAVT 240316802,Maks_Bina,inside,0.000007206055558438589,high,,insert,,6494
131,91278,,,314288,PAKSAY,PAKSAY,POINT (470488.6402 4246536.3472),EPSG:5258,470488.6402,4246536.3472,38.3512112429821,38.66238792331667,6494,UAVT 240316802,Maks_Bina,inside,0.000007206055558438589,high,,insert,,6494
132,21266403,,,390215,TEKSAN,TEKSAN,POINT (470488.6402 4246536.3472),EPSG:5258,470488.6402,4246536.3472,38.3512112429821,38.66238792331667,6494,UAVT 240316802,Maks_Bina,inside,0.000007206055558438589,high,,insert,,6494
133,555541,,,195048,PAKSAY,PAKSAY,POINT (470488.6402 4246536.3472),EPSG:5258,470488.6402,4246536.3472,38.3512112429821,38.66238792331667,6494,UAVT 240316802,Maks_Bina,inside,0.000007206055558438589,high,,insert,,6494
134,2979046,,,192809,TEKSAN,TEKSAN,POINT (470488.6402 4246536.3472),EPSG:5258,470488.6402,4246536.3472,38.3512112429821,38.66238792331667,6494,UAVT 240316802,Maks_Bina,inside,0.000007206055558438589,high,,insert,,6494
135,8207258,,,197919,CEM,CEM,POINT (470488.6402 4246536.3472),EPSG:5258,470488.6402,4246536.3472,38.3512112429821,38.66238792331667,6494,UAVT 240316802,Maks_Bina,inside,0.000007206055558438589,high,,insert,,6494
136,628430,,,192217,BAYLAN,BAYLAN,POINT (470488.6402 4246536.3472),EPSG:5258,470488.6402,4246536.3472,38.3512112429821,38.66238792331667,6494,UAVT 240316802,Maks_Bina,inside,0.000007206055558438589,high,,insert,,6494
137,933571,,,235375,KLEPSAN,KLEPSAN,POINT (470488.6402 4246536.3472),EPSG:5258,470488.6402,4246536.3472,38.3512112429821,38.66238792331667,6494,UAVT 240316802,Maks_Bina,inside,0.000007206055558438589,high,,insert,,6494
138,582971,,,192218,KLEPSAN,KLEPSAN,POINT (470488.6402 4246536.3472),EPSG:5258,470488.6402,4246536.3472,38.3512112429821,38.66238792331667,6494,UAVT 240316802,Maks_Bina,inside,0.000007206055558438589,high,,insert,,6494
139,2412077,,,192219,BAYLAN,BAYLAN,POINT (470488.6402 4246536.3472),EPSG:5258,470488.6402,4246536.3472,38.3512112429821,38.66238792331667,6494,UAVT 240316802,Maks_Bina,inside,0.000007206055558438589,high,,insert,,6494
140,2585830,,,192384,BAYLAN,BAYLAN,POINT (470488.6402 4246536.3472),EPSG:5258,470488.6402,4246536.3472,38.3512112429821,38.66238792331667,6494,UAVT 240316802,Maks_Bina,inside,0.000007206055558438589,high,,insert,,6494
141,12198021,,,178949,BAYLAN,BAYLAN,POINT (470488.6402 4246536.3472),EPSG:5258,470488.6402,4246536.3472,38.3512112429821,38.66238792331667,6494,UAVT 240316802,Maks_Bina,inside,0.000007206055558438589,high,,insert,,6494
142,1681210,,,183112,TÜRKOĞLU,TÜRKOĞLU,POINT (470488.6402 4246536.3472),EPSG:5258,470488.6402,4246536.3472,38.3512112429821,38.66238792331667,6494,UAVT 240316802,Maks_Bina,inside,0.000007206055558438589,high,,insert,,6494
143,10246482,,,253624,TEKSAN,TEKSAN,POINT (470488.6402 4246536.3472),EPSG:5258,470488.6402,4246536.3472,38.3512112429821,38.66238792331667,6494,UAVT 240316802,Maks_Bina,inside,0.000007206055558438589,high,,insert,,6494
144,25918389,,,381826,BAYLAN,BAYLAN,POINT (470488.6402 4246536.3472),EPSG:5258,470488.6402,4246536.3472,38.3512112429821,38.66238792331667,6494,UAVT 240316802,Maks_Bina,inside,0.000007206055558438589,high,,insert,,6494
145,2878848,,,197910,BAYLAN,BAYLAN,POINT (470488.6402 4246536.3472),EPSG:5258,470488.6402,4246536.3472,38.3512112429821,38.66238792331667,6494,UAVT 240316802,Maks_Bina,inside,0.000007206055558438589,high,,insert,,6494
146,26690959,,,192806,BAYLAN,BAYLAN,POINT (470488.6402 4246536.3472),EPSG:5258,470488.6402,4246536.3472,38.3512112429821,38.66238792331667,6494,UAVT 240316802,Maks_Bina,inside,0.000007206055558438589,high,,insert,,6494
147,26687080,,,197913,BAYLAN,BAYLAN,POINT (470488.6402 4246536.3472),EPSG:5258,470488.6402,4246536.3472,38.3512112429821,38.66238792331667,6494,UAVT 240316802,Maks_Bina,inside,0.000007206055558438589,high,,insert,,6494
148,1376730,,,193906,KLEPSAN,KLEPSAN,POINT (470488.6402 4246536.3472),EPSG:5258,470488.6402,4246536.3472,38.3512112429821,38.66238792331667,6494,UAVT 240316802,Maks_Bina,inside,0.000007206055558438589,high,,insert,,6494
149,24648816,,,193938,BAYLAN,BAYLAN,POINT (470488.6402 4246536.3472),EPSG:5258,470488.6402,4246536.3472,38.3512112429821,38.66238792331667,6494,UAVT 240316802,Maks_Bina,inside,0.000007206055558438589,high,,insert,,6494
150,8193242,,,193608,CEM,CEM,POINT (470488.6402 4246536.3472),EPSG:5258,470488.6402,4246536.3472,38.3512112429821,38.66238792331667,6494,UAVT 240316802,Maks_Bina,inside,0.000007206055558438589,high,,insert,,6494
151,1522222,,,192040,PAKSAY,PAKSAY,POINT (470488.6402 4246536.3472),EPSG:5258,470488.6402,4246536.3472,38.3512112429821,38.66238792331667,6494,UAVT 240316802,Maks_Bina,inside,0.000007206055558438589,high,,insert,,6494
152,91957,,,175939,PAKSAY,PAKSAY,POINT (470488.6402 4246536.3472),EPSG:5258,470488.6402,4246536.3472,38.3512112429821,38.66238792331667,6494,UAVT 240316802,Maks_Bina,inside,0.000007206055558438589,high,,insert,,6494
153,24657442,,,348250,BAYLAN,BAYLAN,POINT (470488.6402 4246536.3472),EPSG:5258,470488.6402,4246536.3472,38.3512112429821,38.66238792331667,6494,UAVT 240316802,Maks_Bina,inside,0.000007206055558438589,high,,insert,,6494
154,3632680,,,175938,GÜNAL,GÜNAL,POINT (470488.6402 4246536.3472),EPSG:5258,470488.6402,4246536.3472,38.3512112429821,38.66238792331667,6494,UAVT 240316802,Maks_Bina,inside,0.000007206055558438589,high,,insert,,6494
155,5932023-1,,,190969,BAYLAN,BAYLAN,POINT (470488.6402 4246536.3472),EPSG:5258,470488.6402,4246536.3472,38.3512112429821,38.66238792331667,6494,UAVT 240316802,Maks_Bina,inside,0.000007206055558438589,high,,insert,,6494
156,1522221,,,190999,PAKSAY,PAKSAY,POINT (470488.6402 4246536.3472),EPSG:5258,470488.6402,4246536.3472,38.3512112429821,38.66238792331667,6494,UAVT 240316802,Maks_Bina,inside,0.000007206055558438589,high,,insert,,6494
157,2079737,,,290530,TÜRKOĞLU,TÜRKOĞLU,POINT (470488.6402 4246536.3472),EPSG:5258,470488.6402,4246536.3472,38.3512112429821,38.66238792331667,6494,UAVT 240316802,Maks_Bina,inside,0.000007206055558438589,high,,insert,,6494
158,1352943,,,192258,PAKSAY,PAKSAY,POINT (470488.6402 4246536.3472),EPSG:5258,470488.6402,4246536.3472,38.3512112429821,38.66238792331667,6494,UAVT 240316802,Maks_Bina,inside,0.000007206055558438589,high,,insert,,6494
159,17342713,,,403524,TEKSAN,TEKSAN,POINT (470488.6402 4246536.3472),EPSG:5258,470488.6402,4246536.3472,38.3512112429821,38.66238792331667,6494,UAVT 240316802,Maks_Bina,inside,0.000007206055558438589,high,,insert,,6494
160,26708270,,,390251,BAYLAN,BAYLAN,POINT (470488.6402 4246536.3472),EPSG:5258,470488.6402,4246536.3472,38.3512112429821,38.66238792331667,6494,UAVT 240316802,Maks_Bina,inside,0.000007206055558438589,high,,insert,,6494
161,5542363,,,195484,TEKSAN,TEKSAN,POINT (470488.6402 4246536.3472),EPSG:5258,470488.6402,4246536.3472,38.3512112429821,38.66238792331667,6494,UAVT 240316802,Maks_Bina,inside,0.000007206055558438589,high,,insert,,6494
162,12185976,,,197918,BAYLAN,BAYLAN,POINT (470488.6402 4246536.3472),EPSG:5258,470488.6402,4246536.3472,38.3512112429821,38.66238792331667,6494,UAVT 240316802,Maks_Bina,inside,0.000007206055558438589,high,,insert,,6494
163,25916596,,,192439,BAYLAN,BAYLAN,POINT (470488.6402 4246536.3472),EPSG:5258,470488.6402,4246536.3472,38.3512112429821,38.66238792331667,6494,UAVT 240316802,Maks_Bina,inside,0.000007206055558438589,high,,insert,,6494
164,12200363,,,192042,BAYLAN,BAYLAN,POINT (470488.6402 4246536.3472),EPSG:5258,470488.6402,4246536.3472,38.3512112429821,38.66238792331667,6494,UAVT 240316802,Maks_Bina,inside,0.000007206055558438589,high,,insert,,6494
165,589,,,254184,BAYLAN,BAYLAN,POINT (470516.1429 4246541.1271),EPSG:5258,470516.1429,4246541.1271,38.35125520861813,38.66270235139555,6344,UAVT 249150657,Maks_Bina,inside,0.000027117261265668986,high,,insert,,6344
166,7501405,,,192038,CEM,CEM,POINT (470545.533 4246658.481),EPSG:5258,470545.533,4246658.481,38.35231336932921,38.66303367191047,6518,UAVT 255036972,Maks_Bina,inside,0,high,,insert,,6518
167,7501403,,,192192,CEM,CEM,POINT (470545.533 4246658.481),EPSG:5258,470545.533,4246658.481,38.35231336932921,38.66303367191047,6518,UAVT 255036972,Maks_Bina,inside,0,high,,insert,,6518
168,7501404,,,192188,CEM,CEM,POINT (470545.533 4246658.481),EPSG:5258,470545.533,4246658.481,38.35231336932921,38.66303367191047,6518,UAVT 255036972,Maks_Bina,inside,0,high,,insert,,6518
169,94616,,,193603,PAKSAY,PAKSAY,POINT (470530.9013 4246601.5425),EPSG:5258,470530.9013,4246601.5425,38.35179995218895,38.66286866257271,6385,UAVT 254413396,Maks_Bina,inside,0,high,,insert,,6385
170,2035884,,,409777,PAKSAY,PAKSAY,POINT (470530.9013 4246601.5425),EPSG:5258,470530.9013,4246601.5425,38.35179995218895,38.66286866257271,6385,UAVT 254413396,Maks_Bina,inside,0,high,,insert,,6385
171,6273863,,,192195,BAYLAN,BAYLAN,POINT (470704.2351 4246407.3441),EPSG:5258,470704.2351,4246407.3441,38.35005618064927,38.664859661449896,6436,UAVT 252762687,Maks_Bina,inside,0,high,,insert,,6436
172,8208471,,,254181,CEM,CEM,POINT (470690.6868 4246445.7785),EPSG:5258,470690.6868,4246445.7785,38.35040197778033,38.664703076350044,6546,UAVT 251096350,Maks_Bina,inside,0,high,,insert,,6546
173,909242,,,192214,PAKSAY,PAKSAY,POINT (470747.1648 4246381.6148),EPSG:5258,470747.1648,4246381.6148,38.349825798174116,38.66535183142547,6589,UAVT 255680431,Maks_Bina,inside,0,high,,insert,,6589
174,12207113,,,185956,BAYLAN,BAYLAN,POINT (470731.0834 4246418.5399),EPSG:5258,470731.0834,4246418.5399,38.35015791656488,38.66516633379743,6556,UAVT 253050041,Maks_Bina,inside,0,high,,insert,,6556
175,12171484,,,192201,BAYLAN,BAYLAN,POINT (470722.5371 4246419.5302),EPSG:5258,470722.5371,4246419.5302,38.35016655857521,38.66506852538016,6556,UAVT 253050041,Maks_Bina,inside,0,high,,insert,,6556
176,125784,,,197912,PAKSAY,PAKSAY,POINT (470255.9724 4246506.3598),EPSG:5258,470255.9724,4246506.3598,38.35093340500636,38.65972749436097,6515,UAVT 241954387,Maks_Bina,inside,0.00010298955394549272,high,,insert,,6515
177,91717-1,,,195050,PAKSAY,PAKSAY,POINT (470219.7386 4246553.9729),EPSG:5258,470219.7386,4246553.9729,38.35136112858254,38.65931097583013,6645,UAVT 254102957,Maks_Bina,inside,0.0001072223064345587,high,,insert,,6645
178,12187950,,,187322,BAYLAN,BAYLAN,POINT (470183.9966 4246482.7829),EPSG:5258,470183.9966,4246482.7829,38.35071861802382,38.658905098978344,6534,UAVT 246032908,Maks_Bina,inside,0,high,,insert,,6534
179,1522728,,,195031,PAKSAY,PAKSAY,POINT (470194.6736 4246442.7949),EPSG:5258,470194.6736,4246442.7949,38.35035873752335,38.65902893095023,6349,UAVT 245093109,Maks_Bina,inside,0.00000770326581991995,high,,insert,,6349
180,91131-1,,,195046,PAKSAY,PAKSAY,POINT (470234.5377 4246473.4023),EPSG:5258,470234.5377,4246473.4023,38.35063579239491,38.65948367513152,6391,UAVT 247404254,Maks_Bina,inside,0,high,,insert,,6391
181,90648,,,195029,PAKSAY,PAKSAY,POINT (470234.5377 4246473.4023),EPSG:5258,470234.5377,4246473.4023,38.35063579239491,38.65948367513152,6391,UAVT 247404254,Maks_Bina,inside,0,high,,insert,,6391
182,2018977,,,193923,PAKSAY,PAKSAY,POINT (470327.1551 4246584.1151),EPSG:5258,470327.1551,4246584.1151,38.351636231285084,38.66053854316907,6396,UAVT 254261621,Maks_Bina,inside,0.00018744856358325791,high,,insert,,6396
183,365673,,,192793,KLEPSAN,KLEPSAN,POINT (470301.0617 4246580.637),EPSG:5258,470301.0617,4246580.637,38.35160403395265,38.66024018231459,6721,UAVT 725781884,Maks_Bina,inside,0,high,,insert,,6721
184,91589,,,193893,PAKSAY,PAKSAY,POINT (470311.4949 4246590.2162),EPSG:5258,470311.4949,4246590.2162,38.351690674857274,38.66035913449795,6440,UAVT 244022695,Maks_Bina,inside,0.00007902512672128747,high,,insert,,6440
185,2503673521,,,425479,KLEPSAN,KLEPSAN,POINT (470311.4949 4246590.2162),EPSG:5258,470311.4949,4246590.2162,38.351690674857274,38.66035913449795,6440,UAVT 244022695,Maks_Bina,inside,0.00007902512672128747,high,,insert,,6440
186,23388242,,,455288,KLEPSAN,KLEPSAN,POINT (466009.2589 4249225.6542),EPSG:5258,466009.2589,4249225.6542,38.375279206767566,38.61101486533476,6373,UAVT 255566812,Maks_Bina,inside,0,high,,insert,,6373
187,2409939,,,429272,TÜRKOĞLU,TÜRKOĞLU,POINT (470497.030415878 4250569.11267556),EPSG:5258,470497.030415878,4250569.11267556,38.38754096923091,38.66231512656356,6750,UAVT 951392802,Maks_Bina,inside,0.000003989803833905975,high,,insert,,6750
188,24651379,,,412553,BAYLAN,BAYLAN,POINT (470599.2418 4246619.1848),EPSG:5258,470599.2418,4246619.1848,38.351961129735265,38.66364974148784,6340,UAVT 248613911,Maks_Bina,inside,0.000011909931476279366,high,,insert,,6340
189,12171485,,,194182,BAYLAN,BAYLAN,POINT (470573.1605 4246560.2727),EPSG:5258,470573.1605,4246560.2727,38.351429558077996,38.66335382830478,6341,UAVT 255673675,Maks_Bina,inside,0.00007885518619070648,high,,insert,,6341
190,12200556,,,192008,BAYLAN,BAYLAN,POINT (470563.3063 4246563.1062),EPSG:5258,470563.3063,4246563.1062,38.35145476024544,38.66324097879379,6350,UAVT 243676095,Maks_Bina,inside,0.0001083056269425943,high,,insert,,6350
191,10628262-1,,,192438,TEKSAN,TEKSAN,POINT (469986.759 4250564.4014),EPSG:5258,469986.759,4250564.4014,38.387481558194956,38.65647496281484,6476,UAVT 250603370,Maks_Bina,inside,0,high,,insert,,6476
192,1766474,,,320137,KLEPSAN,KLEPSAN,POINT (469986.759 4250564.4014),EPSG:5258,469986.759,4250564.4014,38.387481558194956,38.65647496281484,6476,UAVT 250603370,Maks_Bina,inside,0,high,,insert,,6476
193,7527113,,,192030,CEM,CEM,POINT (470636.2993 4246688.7903),EPSG:5258,470636.2993,4246688.7903,38.352589392952574,38.66407078265104,6413,UAVT 244174694,Maks_Bina,inside,0.000007457679820296116,high,,insert,,6413
194,91732,,,192031,PAKSAY,PAKSAY,POINT (470636.2993 4246688.7903),EPSG:5258,470636.2993,4246688.7903,38.352589392952574,38.66407078265104,6413,UAVT 244174694,Maks_Bina,inside,0.000007457679820296116,high,,insert,,6413
195,868607,,,192034,PAKSAY,PAKSAY,POINT (470598.4905 4246646.7116),EPSG:5258,470598.4905,4246646.7116,38.35220908295005,38.663639999500056,6541,UAVT 253255905,Maks_Bina,inside,0,high,,insert,,6541
196,8216618,,,192056,CEM,CEM,POINT (470553.1734 4246522.5641),EPSG:5258,470553.1734,4246522.5641,38.35108919977866,38.66312675117954,6537,UAVT 241784768,Maks_Bina,inside,0,high,,insert,,6537
197,91866-1,,,254160,PAKSAY,PAKSAY,POINT (470553.1734 4246522.5641),EPSG:5258,470553.1734,4246522.5641,38.35108919977866,38.66312675117954,6537,UAVT 241784768,Maks_Bina,inside,0,high,,insert,,6537
198,1351290,,,368574,PAKSAY,PAKSAY,POINT (470553.1734 4246522.5641),EPSG:5258,470553.1734,4246522.5641,38.35108919977866,38.66312675117954,6537,UAVT 241784768,Maks_Bina,inside,0,high,,insert,,6537
199,109653,,,192053,PAKSAY,PAKSAY,POINT (470609.0267 4246515.7855),EPSG:5258,470609.0267,4246515.7855,38.3510299679615,38.66376598805464,6347,UAVT 248403271,Maks_Bina,inside,0.00023871262009848021,high,,insert,,6347
200,4205319,,,192206,KLEPSAN,KLEPSAN,POINT (470414.3733 4246711.7899),EPSG:5258,470414.3733,4246711.7899,38.35278928616046,38.661530961455405,6473,UAVT 255436743,Maks_Bina,inside,0,high,,insert,,6473
201,7501479,,,193606,CEM,CEM,POINT (470414.3733 4246711.7899),EPSG:5258,470414.3733,4246711.7899,38.35278928616046,38.661530961455405,6473,UAVT 255436743,Maks_Bina,inside,0,high,,insert,,6473
202,12171486,,,192196,BAYLAN,BAYLAN,POINT (470672.0661 4246403.9983),EPSG:5258,470672.0661,4246403.9983,38.350024987322,38.66449179651474,6456,UAVT 248628950,Maks_Bina,inside,0.00003813105423303397,high,,insert,,6456
203,24659494,,,246771,BAYLAN,BAYLAN,POINT (470679.4718 4246373.4777),EPSG:5258,470679.4718,4246373.4777,38.349750281749124,38.66457778375906,6386,NURİ BAĞ,Maks_Bina,inside,0,high,,insert,,6386
204,12183470,,,336192,BAYLAN,BAYLAN,POINT (470679.4718 4246373.4777),EPSG:5258,470679.4718,4246373.4777,38.349750281749124,38.66457778375906,6386,NURİ BAĞ,Maks_Bina,inside,0,high,,insert,,6386
205,377000,,,377000,CEM,CEM,POINT (471796.6562 4250104.8675999995),EPSG:5258,471796.6562,4250104.8675999995,38.38340069573912,38.677208738947556,6701,UAVT 393766969,Maks_Bina,inside,0,high,,insert,,6701
206,90595,,,193894,PAKSAY,PAKSAY,POINT (470651.8833 4246520.6622),EPSG:5258,470651.8833,4246520.6622,38.351075304981286,38.66425605878435,6434,UAVT 252834791,Maks_Bina,inside,0,high,,insert,,6434
207,90628,,,192197,PAKSAY,PAKSAY,POINT (470651.8833 4246520.6622),EPSG:5258,470651.8833,4246520.6622,38.351075304981286,38.66425605878435,6434,UAVT 252834791,Maks_Bina,inside,0,high,,insert,,6434
208,12174387,,,192017,BAYLAN,BAYLAN,POINT (470654.0816 4246472.4582),EPSG:5258,470654.0816,4246472.4582,38.35064112641756,38.66428321190865,6478,UAVT 253106835,Maks_Bina,inside,0,high,,insert,,6478
209,12212568,,,332541,BAYLAN,BAYLAN,POINT (468960.9943 4251163.5647),EPSG:5258,468960.9943,4251163.5647,38.392844140805586,38.644708079300464,6407,UAVT 719241887,Maks_Bina,inside,0,high,,insert,,6407
210,8216619,,,290503,CEM,CEM,POINT (469661.0743 4250331.6755),EPSG:5258,469661.0743,4250331.6755,38.38537405595369,38.65275733402134,6562,UAVT 252313002,Maks_Bina,inside,0,high,,insert,,6562
211,2403440752,,,443670,KLEPSAN,KLEPSAN,POINT (469661.0743 4250331.6755),EPSG:5258,469661.0743,4250331.6755,38.38537405595369,38.65275733402134,6562,UAVT 252313002,Maks_Bina,inside,0,high,,insert,,6562
212,2403441698,,,445198,KLEPSAN,KLEPSAN,POINT (469675.5017 4250324.8816),EPSG:5258,469675.5017,4250324.8816,38.385313341859124,38.65292275179462,6562,UAVT 252313002,Maks_Bina,inside,0,high,,insert,,6562
213,2403440722,,,443671,KLEPSAN,KLEPSAN,POINT (469675.5017 4250324.8816),EPSG:5258,469675.5017,4250324.8816,38.385313341859124,38.65292275179462,6562,UAVT 252313002,Maks_Bina,inside,0,high,,insert,,6562
214,12178193,,,290531,BAYLAN,BAYLAN,POINT (469675.5017 4250324.8816),EPSG:5258,469675.5017,4250324.8816,38.385313341859124,38.65292275179462,6562,UAVT 252313002,Maks_Bina,inside,0,high,,insert,,6562
215,3187011,,,373854,KLEPSAN,KLEPSAN,POINT (469640.9832 4250332.7135),EPSG:5258,469640.9832,4250332.7135,38.385382725460474,38.65252734150847,6454,UAVT 251955704,Maks_Bina,inside,0.000007322945420378678,high,,insert,,6454
216,26698133,,,344937,BAYLAN,BAYLAN,POINT (469616.8793 4250336.9164),EPSG:5258,469616.8793,4250336.9164,38.38541976939929,38.65225128489545,6532,UAVT 244269205,Maks_Bina,inside,0.000006951221754642906,high,,insert,,6532
217,9791713,,,368153,CEM,CEM,POINT (469616.8793 4250336.9164),EPSG:5258,469616.8793,4250336.9164,38.38541976939929,38.65225128489545,6532,UAVT 244269205,Maks_Bina,inside,0.000006951221754642906,high,,insert,,6532
218,24649464,,,369106,BAYLAN,BAYLAN,POINT (468509.8435 4250761.2336),EPSG:5258,468509.8435,4250761.2336,38.3892039694389,38.63956201012364,6369,UAVT 254005192,Maks_Bina,inside,0.000007554666477166698,high,,insert,,6369
219,1383358,,,368530,PAKSAY,PAKSAY,POINT (470917.4174 4250360.1336),EPSG:5258,470917.4174,4250360.1336,38.38567213283257,38.66713534210664,6578,ABDULVAHAP GENİŞ,Maks_Bina,inside,0.00021719490474826793,high,,insert,,6578
220,1997471,,,389290,TÜRKOĞLU,TÜRKOĞLU,POINT (470923.2393 4250336.236),EPSG:5258,470923.2393,4250336.236,38.38545703930501,38.667202962122985,6402,MUSTAFA GENİŞ,Maks_Bina,inside,0.00010822612466829507,high,,insert,,6402
221,1350962,,,369185,PAKSAY,PAKSAY,POINT (468575.2748 4250166.4546),EPSG:5258,468575.2748,4250166.4546,38.38384818985902,38.64033746331455,6364,UAVT 253078778,Maks_Bina,inside,0,high,,insert,,6364
222,3233564,,,369319,KLEPSAN,KLEPSAN,POINT (468575.2748 4250166.4546),EPSG:5258,468575.2748,4250166.4546,38.38384818985902,38.64033746331455,6364,UAVT 253078778,Maks_Bina,inside,0,high,,insert,,6364
223,12184834,,,248318,BAYLAN,BAYLAN,POINT (470317.5021 4246790.5273),EPSG:5258,470317.5021,4246790.5273,38.35349539525775,38.66041942918512,6394,UAVT 253618441,Maks_Bina,inside,0.00000447658518895724,high,,insert,,6394
224,25910787,,,397795,BAYLAN,BAYLAN,POINT (469791.221559306 4250874.03125131),EPSG:5258,469791.221559306,4250874.03125131,38.390264288895885,38.65422363982562,6668,SERKAN IŞIK,Maks_Bina,inside,0,high,,insert,,6668
225,24646402,,,376576,BAYLAN,BAYLAN,POINT (469703.8737 4250854.6685),EPSG:5258,469703.8737,4250854.6685,38.39008690564416,38.65322468684618,6651,UAVT 680505435,Maks_Bina,inside,0,high,,insert,,6651
226,1278915,,,367644,TÜRKOĞLU,TÜRKOĞLU,POINT (468573.8046 4251169.6658),EPSG:5258,468573.8046,4251169.6658,38.39288558589731,38.64027587126493,6576,CEMİL DENİZ,Maks_Bina,inside,0.00006790227267521611,high,,insert,,6576
227,22289895,,,395089,KLEPSAN,KLEPSAN,POINT (470913.9405 4250397.421),EPSG:5258,470913.9405,4250397.421,38.38600792519928,38.66709400811283,6463,UAVT 243214012,Maks_Bina,inside,0.000011506414504559321,high,,insert,,6463
228,9737870,,,192394,GÜNAL,GÜNAL,POINT (470913.9405 4250397.421),EPSG:5258,470913.9405,4250397.421,38.38600792519928,38.66709400811283,6463,UAVT 243214012,Maks_Bina,inside,0.000011506414504559321,high,,insert,,6463
229,8215871,,,292633,CEM,CEM,POINT (470725.2733 4250393.8059),EPSG:5258,470725.2733,4250393.8059,38.38596920631583,38.6649347922728,6414,UAVT 250208089,Maks_Bina,inside,0.00010332178313103837,high,,insert,,6414
230,2403403437,,,459433,KLEPSAN,KLEPSAN,POINT (470210.299469892 4247285.58445321),EPSG:5258,470210.299469892,4247285.58445321,38.357951603063476,38.65917209851296,6782,B1,Maks_Bina,inside,0,high,,insert,,6782
231,2403403755,,,456951,KLEPSAN,KLEPSAN,POINT (470203.414138264 4247345.5248654),EPSG:5258,470203.414138264,4247345.5248654,38.358491352302174,38.65909079161369,6785,B4,Maks_Bina,inside,0.000018913962510548633,high,,insert,,6785
232,2403195498,,,457539,KLEPSAN,KLEPSAN,POINT (470181.635136637 4247339.04335238),EPSG:5258,470181.635136637,4247339.04335238,38.3584322383281,38.65884189142901,6786,B5,Maks_Bina,inside,0.000018887874963443204,high,,insert,,6786
233,2403403579,,,460723,KLEPSAN,KLEPSAN,POINT (470179.971012956 4247363.71185196),EPSG:5258,470179.971012956,4247363.71185196,38.358654411164395,38.6588218091921,6787,B6,Maks_Bina,inside,0,high,,insert,,6787
234,2403406657,,,454393,KLEPSAN,KLEPSAN,POINT (470192.102422552 4247403.66064566),EPSG:5258,470192.102422552,4247403.66064566,38.359014696965794,38.65895891697904,6789,B8,Maks_Bina,inside,0.000016443644581422026,high,,insert,,6789
235,2403403361,,,456773,KLEPSAN,KLEPSAN,POINT (470173.898816073 4247416.30404734),EPSG:5258,470173.898816073,4247416.30404734,38.35912799013981,38.658750112806395,6790,B9,Maks_Bina,inside,0.000016439421492191392,high,,insert,,6790
236,2403403790,,,454328,KLEPSAN,KLEPSAN,POINT (470252.261991259 4247341.10892913),EPSG:5258,470252.261991259,4247341.10892913,38.35845319451531,38.65964984762535,6812,B33,Maks_Bina,inside,0.000006724689566781443,high,,insert,,6812
237,2503673945,,,459168,KLEPSAN,KLEPSAN,POINT (470172.082283682 4247437.1198807),EPSG:5258,470172.082283682,4247437.1198807,38.35931545079698,38.658728449284865,6779,B25,Maks_Bina,inside,0,high,,insert,,6779
238,2403195476,,,455598,KLEPSAN,KLEPSAN,POINT (470229.822569205 4247726.8385122),EPSG:5258,470229.822569205,4247726.8385122,38.36192732534349,38.65937683525153,6791,B10,Maks_Bina,inside,0.000012919517959927644,high,,insert,,6791
239,2403195681,,,456200,KLEPSAN,KLEPSAN,POINT (470311.155885612 4247792.29601861),EPSG:5258,470311.155885612,4247792.29601861,38.362519704181324,38.66030466040157,6795,B14,Maks_Bina,inside,0.000016727038350323298,high,,insert,,6795
240,2403195017,,,468884,KLEPSAN,KLEPSAN,POINT (470320.719972865 4247809.93556856),EPSG:5258,470320.719972865,4247809.93556856,38.362678928437354,38.66041334707202,6797,B17,Maks_Bina,inside,0,high,,insert,,6797
241,2403409626,,,468793,KLEPSAN,KLEPSAN,POINT (470320.568854809 4247861.9294599),EPSG:5258,470320.568854809,4247861.9294599,38.36314731445889,38.6604094296565,6816,B20,Maks_Bina,inside,0.000016438216327960164,high,,insert,,6816
242,2403455805,,,459485,KLEPSAN,KLEPSAN,POINT (470356.749698746 4247836.93714314),EPSG:5258,470356.749698746,4247836.93714314,38.36292336747579,38.66082445297778,6798,B18,Maks_Bina,inside,0.000016435792165378688,high,,insert,,6798
243,2403455916,,,445674,KLEPSAN,KLEPSAN,POINT (470385.912967265 4247819.350053),EPSG:5258,470385.912967265,4247819.350053,38.36276589756186,38.66115886980335,6804,B25,Maks_Bina,inside,0.000018063070523811966,high,,insert,,6804
244,2503673779,,,464672,KLEPSAN,KLEPSAN,POINT (470404.469323966 4247810.78096758),EPSG:5258,470404.469323966,4247810.78096758,38.36268931565748,38.66137154580739,6805,B26,Maks_Bina,inside,0.000018064493606103367,high,,insert,,6805
245,2403195623,,,456866,KLEPSAN,KLEPSAN,POINT (470425.595998943 4247801.02444914),EPSG:5258,470425.595998943,4247801.02444914,38.36260212115716,38.661613679928685,6806,B27,Maks_Bina,inside,0.000018056770415226072,high,,insert,,6806
246,2403195714,,,464393,KLEPSAN,KLEPSAN,POINT (470502.344489579 4247765.58300729),EPSG:5258,470502.344489579,4247765.58300729,38.36228537508141,38.662493294160754,6810,B31,Maks_Bina,inside,0.000018070713822323162,high,,insert,,6810
247,2403195480,,,453523,KLEPSAN,KLEPSAN,POINT (470521.600820605 4247756.69029383),EPSG:5258,470521.600820605,4247756.69029383,38.36220589834645,38.66271398973516,6811,B32,Maks_Bina,inside,0.000018059469990521085,high,,insert,,6811
248,2403454481,,,457000,KLEPSAN,KLEPSAN,POINT (470380.551914392 4247877.65425899),EPSG:5258,470380.551914392,4247877.65425899,38.36329095829902,38.66109508119935,6801,B22,Maks_Bina,inside,0,high,,insert,,6801
249,2403455881,,,445673,KLEPSAN,KLEPSAN,POINT (470384.267179182 4247896.68858148),EPSG:5258,470384.267179182,4247896.68858148,38.36346255334196,38.66113679103599,6802,B23,Maks_Bina,inside,0,high,,insert,,6802
250,2403456456,,,467170,KLEPSAN,KLEPSAN,POINT (470387.587663856 4247913.63446521),EPSG:5258,470387.587663856,4247913.63446521,38.36361532145001,38.661174071759916,6803,B24,Maks_Bina,inside,0,high,,insert,,6803
251,1387943,,,383021,TÜRKOĞLU,TÜRKOĞLU,POINT (470158.7228 4247528.5941),EPSG:5258,470158.7228,4247528.5941,38.36013905876369,38.658571730869824,6710,K13,Maks_Bina,inside,0,high,,insert,,6710
252,1388039,,,383066,TÜRKOĞLU,TÜRKOĞLU,POINT (470158.7228 4247528.5941),EPSG:5258,470158.7228,4247528.5941,38.36013905876369,38.658571730869824,6710,K13,Maks_Bina,inside,0,high,,insert,,6710
253,9796883,,,391551,CEM,CEM,POINT (470211.4367 4247477.6792),EPSG:5258,470211.4367,4247477.6792,38.35968214239667,38.65917699634808,6711,K8,Maks_Bina,inside,0,high,,insert,,6711
254,1387938,,,383003,TÜRKOĞLU,TÜRKOĞLU,POINT (470225.5214 4247446.7246),EPSG:5258,470225.5214,4247446.7246,38.35940375363381,38.65933944926431,6712,K6,Maks_Bina,inside,0,high,,insert,,6712
255,26708204,,,383022,BAYLAN,BAYLAN,POINT (470185.19 4247540.4192),EPSG:5258,470185.19,4247540.4192,38.36024646752095,38.65887404983765,6716,K12,Maks_Bina,inside,0,high,,insert,,6716
256,9794171,,,383040,CEM,CEM,POINT (470231.9836 4247431.0018),EPSG:5258,470231.9836,4247431.0018,38.35926232827378,38.65941404803102,6713,K5,Maks_Bina,inside,0.000018260581855130766,high,,insert,,6713
257,8990407,,,193156,TEKSAN,TEKSAN,POINT (470752.5141 4249072.9267),EPSG:5258,470752.5141,4249072.9267,38.374070882505265,38.66530140498689,6491,UAVT 255288284,Maks_Bina,inside,0.00007142112128102252,high,,insert,,6491
258,3621784,,,398849,KLEPSAN,KLEPSAN,POINT (470752.5141 4249072.9267),EPSG:5258,470752.5141,4249072.9267,38.374070882505265,38.66530140498689,6491,UAVT 255288284,Maks_Bina,inside,0.00007142112128102252,high,,insert,,6491
259,24661443,,,354066,BAYLAN,BAYLAN,POINT (470752.5141 4249072.9267),EPSG:5258,470752.5141,4249072.9267,38.374070882505265,38.66530140498689,6491,UAVT 255288284,Maks_Bina,inside,0.00007142112128102252,high,,insert,,6491
260,24661442,,,354065,BAYLAN,BAYLAN,POINT (470752.5141 4249072.9267),EPSG:5258,470752.5141,4249072.9267,38.374070882505265,38.66530140498689,6491,UAVT 255288284,Maks_Bina,inside,0.00007142112128102252,high,,insert,,6491
261,2403184184,,,248964,KLEPSAN,KLEPSAN,POINT (470752.5141 4249072.9267),EPSG:5258,470752.5141,4249072.9267,38.374070882505265,38.66530140498689,6491,UAVT 255288284,Maks_Bina,inside,0.00007142112128102252,high,,insert,,6491
262,8228302,,,193155,CEM,CEM,POINT (470752.5141 4249072.9267),EPSG:5258,470752.5141,4249072.9267,38.374070882505265,38.66530140498689,6491,UAVT 255288284,Maks_Bina,inside,0.00007142112128102252,high,,insert,,6491
263,1387942,,,383048,TÜRKOĞLU,TÜRKOĞLU,POINT (470198.1056 4247508.9618999995),EPSG:5258,470198.1056,4247508.9618999995,38.35996351170485,38.65902315045113,6709,K10,Maks_Bina,inside,0,high,,insert,,6709
264,9794141,,,383002,CEM,CEM,POINT (470218.745 4247462.3227),EPSG:5258,470218.745,4247462.3227,38.359544045124885,38.65926126064752,6714,K7,Maks_Bina,inside,0,high,,insert,,6714
265,1388041,,,383024,TÜRKOĞLU,TÜRKOĞLU,POINT (470204.9072 4247493.3726),EPSG:5258,470204.9072,4247493.3726,38.35982330050063,38.659101627930994,6715,K9,Maks_Bina,inside,0,high,,insert,,6715
266,2403456629,,,420944,KLEPSAN,KLEPSAN,POINT (470619.613717876 4250225.93935299),EPSG:5258,470619.613717876,4250225.93935299,38.38445350993736,38.663732481866724,6818,UAVT 790748297,Maks_Bina,inside,0,high,,insert,,6818
267,2403456510,,,420943,KLEPSAN,KLEPSAN,POINT (470619.613717876 4250225.93935299),EPSG:5258,470619.613717876,4250225.93935299,38.38445350993736,38.663732481866724,6818,UAVT 790748297,Maks_Bina,inside,0,high,,insert,,6818
268,2403455823,,,420942,KLEPSAN,KLEPSAN,POINT (470619.613717876 4250225.93935299),EPSG:5258,470619.613717876,4250225.93935299,38.38445350993736,38.663732481866724,6818,UAVT 790748297,Maks_Bina,inside,0,high,,insert,,6818
269,2403455814,,,420941,KLEPSAN,KLEPSAN,POINT (470619.613717876 4250225.93935299),EPSG:5258,470619.613717876,4250225.93935299,38.38445350993736,38.663732481866724,6818,UAVT 790748297,Maks_Bina,inside,0,high,,insert,,6818
270,2403456738,,,420940,KLEPSAN,KLEPSAN,POINT (470592.532337724 4250190.29742018),EPSG:5258,470592.532337724,4250190.29742018,38.38413153839101,38.663424020086836,6819,UAVT 773319108,Maks_Bina,inside,0.000014544125426270164,high,,insert,,6819
271,2403456847,,,420939,KLEPSAN,KLEPSAN,POINT (470592.532337724 4250190.29742018),EPSG:5258,470592.532337724,4250190.29742018,38.38413153839101,38.663424020086836,6819,UAVT 773319108,Maks_Bina,inside,0.000014544125426270164,high,,insert,,6819
272,2403455877,,,420938,KLEPSAN,KLEPSAN,POINT (470592.532337724 4250190.29742018),EPSG:5258,470592.532337724,4250190.29742018,38.38413153839101,38.663424020086836,6819,UAVT 773319108,Maks_Bina,inside,0.000014544125426270164,high,,insert,,6819
273,2403455912,,,420772,KLEPSAN,KLEPSAN,POINT (470592.532337724 4250190.29742018),EPSG:5258,470592.532337724,4250190.29742018,38.38413153839101,38.663424020086836,6819,UAVT 773319108,Maks_Bina,inside,0.000014544125426270164,high,,insert,,6819
274,610598,,,192432,KLEPSAN,KLEPSAN,POINT (470633.9262 4250283.5174),EPSG:5258,470633.9262,4250283.5174,38.38497267428309,38.6638938895914,6551,UAVT 245262399,Maks_Bina,inside,0.00008890309469599078,high,,insert,,6551
275,8210661,,,190970,CEM,CEM,POINT (470633.9262 4250283.5174),EPSG:5258,470633.9262,4250283.5174,38.38497267428309,38.6638938895914,6551,UAVT 245262399,Maks_Bina,inside,0.00008890309469599078,high,,insert,,6551
276,9788753,,,192387,CEM,CEM,POINT (470603.9525 4250325.446),EPSG:5258,470603.9525,4250325.446,38.38534940596321,38.66354908462348,6526,UAVT 253613418,Maks_Bina,inside,0.0001873841393001729,high,,insert,,6526
277,23162105,,,192379,KLEPSAN,KLEPSAN,POINT (470693.7319 4250359.3329),EPSG:5258,470693.7319,4250359.3329,38.385657622301274,38.66457522379312,6448,UAVT 255774275,Maks_Bina,inside,0.00019761556108657062,high,,insert,,6448
278,20423315,,,368909,TEKSAN,TEKSAN,POINT (470675.4927 4250249.3242),EPSG:5258,470675.4927,4250249.3242,38.38466600621513,38.664371050246736,6426,UAVT 256691254,Maks_Bina,inside,0,high,,insert,,6426
279,5029870,,,190989,TEKSAN,TEKSAN,POINT (470662.647 4250262.9983),EPSG:5258,470662.647,4250262.9983,38.38478876898621,38.66422345967049,6426,UAVT 256691254,Maks_Bina,inside,0,high,,insert,,6426
280,25910511,,,192396,BAYLAN,BAYLAN,POINT (470662.647 4250262.9983),EPSG:5258,470662.647,4250262.9983,38.38478876898621,38.66422345967049,6426,UAVT 256691254,Maks_Bina,inside,0,high,,insert,,6426
281,7501478,,,190990,CEM,CEM,POINT (470662.647 4250262.9983),EPSG:5258,470662.647,4250262.9983,38.38478876898621,38.66422345967049,6426,UAVT 256691254,Maks_Bina,inside,0,high,,insert,,6426
282,1997510,,,410074,TÜRKOĞLU,TÜRKOĞLU,POINT (467964.5217 4251343.0662),EPSG:5258,467964.5217,4251343.0662,38.394426054837844,38.633293874784485,6581,ERDAL YAR,Maks_Bina,inside,0,high,,insert,,6581
283,1113998,,,369160,PAKSAY,PAKSAY,POINT (468154.9416 4250041.5951000005),EPSG:5258,468154.9416,4250041.5951000005,38.38270853221177,38.63553239597097,6514,UAVT 254238496,Maks_Bina,inside,0.000007427033521496269,high,,insert,,6514
284,9789089,,,192029,CEM,CEM,POINT (470598.6096 4246692.6691),EPSG:5258,470598.6096,4246692.6691,38.35262309946624,38.66363944682286,6520,UAVT 248454837,Maks_Bina,inside,0,high,,insert,,6520
285,16190927,,,314718,TÜRKOĞLU,TÜRKOĞLU,POINT (470582.1744 4246697.0696),EPSG:5258,470582.1744,4246697.0696,38.35266220230732,38.663451242814325,6560,UAVT 254758899,Maks_Bina,inside,0,high,,insert,,6560
286,77329,,,192026,KLEPSAN,KLEPSAN,POINT (470635.2027 4246729.8889),EPSG:5258,470635.2027,4246729.8889,38.35295959773988,38.66405652682918,6461,UAVT 257681072,Maks_Bina,inside,0,high,,insert,,6461
287,51925,,,192027,PAKSAY,PAKSAY,POINT (470631.3574 4246719.7131),EPSG:5258,470631.3574,4246719.7131,38.352867802020135,38.66401295955639,6353,UAVT 245981535,Maks_Bina,inside,0,high,,insert,,6353
288,502931,,,195033,KLEPSAN,KLEPSAN,POINT (470721.9206 4246246.3453),EPSG:5258,470721.9206,4246246.3453,38.34860638438195,38.66506865857455,6499,UAVT 246627186,Maks_Bina,inside,0,high,,insert,,6499
289,507958,,,195027,KLEPSAN,KLEPSAN,POINT (470721.9206 4246246.3453),EPSG:5258,470721.9206,4246246.3453,38.34860638438195,38.66506865857455,6499,UAVT 246627186,Maks_Bina,inside,0,high,,insert,,6499
290,502990,,,195034,KLEPSAN,KLEPSAN,POINT (470721.9206 4246246.3453),EPSG:5258,470721.9206,4246246.3453,38.34860638438195,38.66506865857455,6499,UAVT 246627186,Maks_Bina,inside,0,high,,insert,,6499
291,502975,,,195028,KLEPSAN,KLEPSAN,POINT (470721.9206 4246246.3453),EPSG:5258,470721.9206,4246246.3453,38.34860638438195,38.66506865857455,6499,UAVT 246627186,Maks_Bina,inside,0,high,,insert,,6499
292,24659495,,,192225,BAYLAN,BAYLAN,POINT (470721.9206 4246246.3453),EPSG:5258,470721.9206,4246246.3453,38.34860638438195,38.66506865857455,6499,UAVT 246627186,Maks_Bina,inside,0,high,,insert,,6499
293,3455640,,,363769,KLEPSAN,KLEPSAN,POINT (472081.6752 4250501.7844),EPSG:5258,472081.6752,4250501.7844,38.38698528184487,38.68045504263762,6366,UAVT 242255891,Maks_Bina,inside,0.0002869527116864191,high,,insert,,6366
294,933549,,,235475,KLEPSAN,KLEPSAN,POINT (472081.6752 4250501.7844),EPSG:5258,472081.6752,4250501.7844,38.38698528184487,38.68045504263762,6366,UAVT 242255891,Maks_Bina,inside,0.0002869527116864191,high,,insert,,6366
295,910867,,,369040,PAKSAY,PAKSAY,POINT (472081.6752 4250501.7844),EPSG:5258,472081.6752,4250501.7844,38.38698528184487,38.68045504263762,6366,UAVT 242255891,Maks_Bina,inside,0.0002869527116864191,high,,insert,,6366
296,17673821,,,322154,TÜRKOĞLU,TÜRKOĞLU,POINT (472081.6752 4250501.7844),EPSG:5258,472081.6752,4250501.7844,38.38698528184487,38.68045504263762,6366,UAVT 242255891,Maks_Bina,inside,0.0002869527116864191,high,,insert,,6366
297,8233765,,,267437,CEM,CEM,POINT (468280.4722 4251455.4233),EPSG:5258,468280.4722,4251455.4233,38.39544948262307,38.63690539113149,6459,UAVT 252436639,Maks_Bina,inside,0,high,,insert,,6459
298,90557-1,,,193600,PAKSAY,PAKSAY,POINT (471063.1368 4246272.1847),EPSG:5258,471063.1368,4246272.1847,38.348850245243995,38.668970936461555,6387,UAVT 249714379,Maks_Bina,inside,0,high,,insert,,6387
299,12183464,,,194956,BAYLAN,BAYLAN,POINT (471065.5416 4246273.3746),EPSG:5258,471065.5416,4246273.3746,38.348861042241744,38.66899839743932,6611,UAVT 245875612,Maks_Bina,inside,0,high,,insert,,6611
300,1113977,,,368553,PAKSAY,PAKSAY,POINT (468122.2845 4249977.471),EPSG:5258,468122.2845,4249977.471,38.38212970615952,38.63516154315687,6412,UAVT 242612299,Maks_Bina,inside,0.0000079431251783328,high,,insert,,6412
301,1214945,,,368583,TÜRKOĞLU,TÜRKOĞLU,POINT (469442.1352 4250398.1843),EPSG:5258,469442.1352,4250398.1843,38.38596575344897,38.65024863509538,6400,UAVT 254755275,Maks_Bina,inside,0,high,,insert,,6400
302,4455096,,,385555,KLEPSAN,KLEPSAN,POINT (469442.1352 4250398.1843),EPSG:5258,469442.1352,4250398.1843,38.38596575344897,38.65024863509538,6400,UAVT 254755275,Maks_Bina,inside,0,high,,insert,,6400
303,23660993,,,413048,KLEPSAN,KLEPSAN,POINT (469442.1352 4250398.1843),EPSG:5258,469442.1352,4250398.1843,38.38596575344897,38.65024863509538,6400,UAVT 254755275,Maks_Bina,inside,0,high,,insert,,6400
304,1214940,,,368584,TÜRKOĞLU,TÜRKOĞLU,POINT (469442.1352 4250398.1843),EPSG:5258,469442.1352,4250398.1843,38.38596575344897,38.65024863509538,6400,UAVT 254755275,Maks_Bina,inside,0,high,,insert,,6400
305,9782906,,,369062,CEM,CEM,POINT (469412.5547 4250377.6403),EPSG:5258,469412.5547,4250377.6403,38.385779671567974,38.64991096819169,6433,UAVT 248512840,Maks_Bina,inside,0.000007702206730897092,high,,insert,,6433
306,12171488,,,192009,BAYLAN,BAYLAN,POINT (470536.6609 4246554.3627),EPSG:5258,470536.6609,4246554.3627,38.3513751177617,38.66293652247478,6484,UAVT 244207163,Maks_Bina,inside,0.000008015133076308249,high,,insert,,6484
307,919060,,,192037,PAKSAY,PAKSAY,POINT (470550.0864 4246615.6236000005),EPSG:5258,470550.0864,4246615.6236000005,38.35192743395719,38.66308755200791,6495,UAVT 254424096,Maks_Bina,inside,0.000040270584062623724,high,,insert,,6495
308,1267106,,,287542,PAKSAY,PAKSAY,POINT (470530.86 4246581.0695),EPSG:5258,470530.86,4246581.0695,38.35161551781149,38.66286904520865,6398,UAVT 251279337,Maks_Bina,inside,0.000007830680274833228,high,,insert,,6398
309,4383808,,,386197,KLEPSAN,KLEPSAN,POINT (470551.6913 4246571.6346),EPSG:5258,470551.6913,4246571.6346,38.35153120749883,38.6631077480828,6632,UAVT 568402846,Maks_Bina,inside,0,high,,insert,,6632
310,17414470,,,192013,TÜRKOĞLU,TÜRKOĞLU,POINT (470551.6913 4246571.6346),EPSG:5258,470551.6913,4246571.6346,38.35153120749883,38.6631077480828,6632,UAVT 568402846,Maks_Bina,inside,0,high,,insert,,6632
311,9791227,,,186497,CEM,CEM,POINT (470441.2735 4246442.064),EPSG:5258,470441.2735,4246442.064,38.3503603221519,38.661850003357536,6408,UAVT 254758600,Maks_Bina,inside,0,high,,insert,,6408
312,23188228,,,416661,KLEPSAN,KLEPSAN,POINT (470441.2735 4246442.064),EPSG:5258,470441.2735,4246442.064,38.3503603221519,38.661850003357536,6408,UAVT 254758600,Maks_Bina,inside,0,high,,insert,,6408
313,9783632,,,192221,CEM,CEM,POINT (470459.3967 4246489.2983),EPSG:5258,470459.3967,4246489.2983,38.35078643468396,38.66205535076949,6345,UAVT 254397052,Maks_Bina,inside,0,high,,insert,,6345
314,8206363,,,186488,CEM,CEM,POINT (470422.7754 4246479.4232),EPSG:5258,470422.7754,4246479.4232,38.350696265752916,38.66163682361999,6438,UAVT 252026760,Maks_Bina,inside,0.0002571148660652271,high,,insert,,6438
315,90516,,,192207,PAKSAY,PAKSAY,POINT (470440.3812 4246496.7579),EPSG:5258,470440.3812,4246496.7579,38.35085300809322,38.66183750434613,6372,UAVT 242448439,Maks_Bina,inside,0,high,,insert,,6372
316,1678941,,,192220,TÜRKOĞLU,TÜRKOĞLU,POINT (470440.3812 4246496.7579),EPSG:5258,470440.3812,4246496.7579,38.35085300809322,38.66183750434613,6372,UAVT 242448439,Maks_Bina,inside,0,high,,insert,,6372
317,98512,,,186498,PAKSAY,PAKSAY,POINT (470444.9341 4246435.2652),EPSG:5258,470444.9341,4246435.2652,38.350299195242116,38.66189216449764,6378,UAVT 252780432,Maks_Bina,inside,0,high,,insert,,6378
318,23660975,,,432328,KLEPSAN,KLEPSAN,POINT (470444.9341 4246435.2652),EPSG:5258,470444.9341,4246435.2652,38.350299195242116,38.66189216449764,6378,UAVT 252780432,Maks_Bina,inside,0,high,,insert,,6378
319,1522576,,,186499,PAKSAY,PAKSAY,POINT (470444.9341 4246435.2652),EPSG:5258,470444.9341,4246435.2652,38.350299195242116,38.66189216449764,6378,UAVT 252780432,Maks_Bina,inside,0,high,,insert,,6378
320,7494221,,,192016,CEM,CEM,POINT (470652.6223 4246461.4174),EPSG:5258,470652.6223,4246461.4174,38.350541616463744,38.664266977024,6530,UAVT 243968609,Maks_Bina,inside,0,high,,insert,,6530
321,7501474,,,292630,CEM,CEM,POINT (470313.762 4250465.2417),EPSG:5258,470313.762,4250465.2417,38.3865991821218,38.66022188636397,6563,UAVT 241055045,Maks_Bina,inside,0.0002080718714912688,high,,insert,,6563
322,26691653,,,389161,BAYLAN,BAYLAN,POINT (469738.1062 4250771.8713),EPSG:5258,469738.1062,4250771.8713,38.38934218300595,38.65362006998499,6669,UAVT 660274507,Maks_Bina,inside,0.000047523033878819094,high,,insert,,6669
323,10179518,,,245845,TEKSAN,TEKSAN,POINT (469803.0288 4250572.099),EPSG:5258,469803.0288,4250572.099,38.38754472101323,38.65437173212018,6549,UAVT 251999082,Maks_Bina,inside,0,high,,insert,,6549
324,12185892,,,186271,BAYLAN,BAYLAN,POINT (469803.0288 4250572.099),EPSG:5258,469803.0288,4250572.099,38.38754472101323,38.65437173212018,6549,UAVT 251999082,Maks_Bina,inside,0,high,,insert,,6549
325,9785492,,,190974,CEM,CEM,POINT (469735.2702 4250740.9942),EPSG:5258,469735.2702,4250740.9942,38.38906392976958,38.653588936404944,6452,UAVT 245860473,Maks_Bina,inside,0.00009535836459882705,high,,insert,,6452
326,12207501,,,190973,BAYLAN,BAYLAN,POINT (469749.3175 4250759.9067),EPSG:5258,469749.3175,4250759.9067,38.389234778637814,38.65374890714713,6542,UAVT 254468291,Maks_Bina,inside,0,high,,insert,,6542
327,12217849,,,190984,BAYLAN,BAYLAN,POINT (469716.3993 4250753.942),EPSG:5258,469716.3993,4250753.942,38.38917993194863,38.65337238636219,6504,UAVT 255637381,Maks_Bina,inside,0.000094979470573578,high,,insert,,6504
328,6287553,,,293516,BAYLAN,BAYLAN,POINT (470370.0736 4246711.3755),EPSG:5258,470370.0736,4246711.3755,38.35278408904543,38.661024184311415,6411,UAVT 249578626,Maks_Bina,inside,0.00010808185873918023,high,,insert,,6411
329,6305657,,,286598,BAYLAN,BAYLAN,POINT (470380.5987 4246681.2102),EPSG:5258,470380.5987,4246681.2102,38.352512690104575,38.661145859280765,6374,UAVT 249781162,Maks_Bina,inside,0,high,,insert,,6374
330,25911761,,,368582,BAYLAN,BAYLAN,POINT (470381.7423 4246705.926),EPSG:5258,470381.7423,4246705.926,38.35273538253325,38.66115790458006,6437,UAVT 244878245,Maks_Bina,inside,0.000008003740638513085,high,,insert,,6437
331,2010083,,,415538,PAKSAY,PAKSAY,POINT (470381.7423 4246705.926),EPSG:5258,470381.7423,4246705.926,38.35273538253325,38.66115790458006,6437,UAVT 244878245,Maks_Bina,inside,0.000008003740638513085,high,,insert,,6437
332,25914011,,,422487,BAYLAN,BAYLAN,POINT (466235.96547296 4250661.697733),EPSG:5258,466235.96547296,4250661.697733,38.38822438728955,38.6135403839368,6746,UAVT 435483771,Maks_Bina,inside,0,high,,insert,,6746
333,4596604,,,398916,KLEPSAN,KLEPSAN,POINT (466264.4835 4250660.9078),EPSG:5258,466264.4835,4250660.9078,38.38821834680322,38.61386682927428,6365,UAVT 259638013,Maks_Bina,inside,0.00000792395006889038,high,,insert,,6365
334,1259493,,,369057,TÜRKOĞLU,TÜRKOĞLU,POINT (466444.3183 4250607.1574),EPSG:5258,466444.3183,4250607.1574,38.38774089850732,38.615927717491225,6681,UAVT 640558219,Maks_Bina,inside,0.00008788114352290436,high,,insert,,6681
335,90567,,,192198,PAKSAY,PAKSAY,POINT (470638.7225 4246552.6301),EPSG:5258,470638.7225,4246552.6301,38.35136285981425,38.66410417065693,6432,UAVT 255525529,Maks_Bina,inside,0,high,,insert,,6432
336,8237527,,,192199,CEM,CEM,POINT (470631.1076 4246591.8623),EPSG:5258,470631.1076,4246591.8623,38.35171603739865,38.664015423810966,6466,UAVT 257450833,Maks_Bina,inside,0.00002149127804747637,high,,insert,,6466
337,1265594,,,192032,PAKSAY,PAKSAY,POINT (470627.8582 4246653.4355999995),EPSG:5258,470627.8582,4246653.4355999995,38.35227062000163,38.663975687436626,6441,UAVT 255366445,Maks_Bina,inside,0,high,,insert,,6441
338,9621953-1,,,277999,TEKSAN,TEKSAN,POINT (469597.3726 4250917.395),EPSG:5258,469597.3726,4250917.395,38.39064836661629,38.6520029673511,6488,UAVT 255636870,Maks_Bina,inside,0.0000725113936519716,high,,insert,,6488
339,2403183795,,,420579,KLEPSAN,KLEPSAN,POINT (469597.3726 4250917.395),EPSG:5258,469597.3726,4250917.395,38.39064836661629,38.6520029673511,6488,UAVT 255636870,Maks_Bina,inside,0.0000725113936519716,high,,insert,,6488
340,9781141,,,341398,CEM,CEM,POINT (470546.5022 4246489.3217),EPSG:5258,470546.5022,4246489.3217,38.35078951305468,38.66305182118444,6417,UAVT 254677909,Maks_Bina,inside,0.00042816466247424205,high,,insert,,6417
341,12206829,,,186511,BAYLAN,BAYLAN,POINT (470227.8216 4246756.3955),EPSG:5258,470227.8216,4246756.3955,38.35318494012567,38.6593949027306,6399,UAVT 246346035,Maks_Bina,inside,0.0001068263950848249,high,,insert,,6399
342,175330-1,,,193904,PAKSAY,PAKSAY,POINT (470227.8216 4246756.3955),EPSG:5258,470227.8216,4246756.3955,38.35318494012567,38.6593949027306,6399,UAVT 246346035,Maks_Bina,inside,0.0001068263950848249,high,,insert,,6399
343,2031259,,,394100,TÜRKOĞLU,TÜRKOĞLU,POINT (470232.1344 4246770.7978),EPSG:5258,470232.1344,4246770.7978,38.353314827877284,38.6594436343112,6706,UAVT 429475098,Maks_Bina,inside,0,high,,insert,,6706
344,12171487,,,192388,BAYLAN,BAYLAN,POINT (469600.7599 4250747.8543),EPSG:5258,469600.7599,4250747.8543,38.38912116946374,38.65204905731122,6367,UAVT 246138416,Maks_Bina,inside,0.00010533476757772347,high,,insert,,6367
345,12214213,,,192397,BAYLAN,BAYLAN,POINT (469563.775 4250709.399),EPSG:5258,469563.775,4250709.399,38.38877348646757,38.65162739583197,6489,UAVT 253088660,Maks_Bina,inside,0.000007738008607105677,high,,insert,,6489
346,12193254,,,192430,BAYLAN,BAYLAN,POINT (469581.2443 4250715.3951),EPSG:5258,469581.2443,4250715.3951,38.38882809655933,38.65182708678864,6358,UAVT 254231277,Maks_Bina,inside,0.000007868637508390519,high,,insert,,6358
347,2403700984,,,438669,KLEPSAN,KLEPSAN,POINT (470481.944140577 4246716.88668742),EPSG:5258,470481.944140577,4246716.88668742,38.352837429822934,38.66230376781805,6743,UAVT 381191188,Maks_Bina,inside,0.000019902399413525654,high,,insert,,6743
348,1265796,,,192022,PAKSAY,PAKSAY,POINT (470724.5154 4246536.5075),EPSG:5258,470724.5154,4246536.5075,38.351220425062984,38.66508630308684,6565,UAVT 253057939,Maks_Bina,inside,0.00020577697141216348,high,,insert,,6565
349,8193260,,,186510,CEM,CEM,POINT (470704.4921 4246537.1042),EPSG:5258,470704.4921,4246537.1042,38.35122514603223,38.66485721391068,6531,UAVT 255483489,Maks_Bina,inside,0.00020748804069224447,high,,insert,,6531
350,1519788,,,254212,PAKSAY,PAKSAY,POINT (470694.0909 4246513.534),EPSG:5258,470694.0909,4246513.534,38.35101247138208,38.66473920428233,6401,UAVT 240512319,Maks_Bina,inside,0.00008915952592776582,high,,insert,,6401
351,4471386,,,254211,KLEPSAN,KLEPSAN,POINT (470694.0909 4246513.534),EPSG:5258,470694.0909,4246513.534,38.35101247138208,38.66473920428233,6401,UAVT 240512319,Maks_Bina,inside,0.00008915952592776582,high,,insert,,6401
352,3617223,,,192019,GÜNAL,GÜNAL,POINT (470694.0909 4246513.534),EPSG:5258,470694.0909,4246513.534,38.35101247138208,38.66473920428233,6401,UAVT 240512319,Maks_Bina,inside,0.00008915952592776582,high,,insert,,6401
353,24657462,,,254213,BAYLAN,BAYLAN,POINT (470694.0909 4246513.534),EPSG:5258,470694.0909,4246513.534,38.35101247138208,38.66473920428233,6401,UAVT 240512319,Maks_Bina,inside,0.00008915952592776582,high,,insert,,6401
354,1265950,,,192021,PAKSAY,PAKSAY,POINT (470687.0713 4246520.0876),EPSG:5258,470687.0713,4246520.0876,38.35107128052336,38.66465862877621,6553,UAVT 255379281,Maks_Bina,inside,0,high,,insert,,6553
355,9784302,,,414762,CEM,CEM,POINT (470157.2102 4246676.1884),EPSG:5258,470157.2102,4246676.1884,38.35246003785585,38.65859048730179,6662,UAVT 250065174,Maks_Bina,inside,0,high,,insert,,6662
356,23657798,,,410395,KLEPSAN,KLEPSAN,POINT (470148.0734 4246678.644),EPSG:5258,470148.0734,4246678.644,38.3524818549756,38.65848585767808,6662,UAVT 250065174,Maks_Bina,inside,0,high,,insert,,6662
358,990747,,,321195,PAKSAY,PAKSAY,POINT (470618.7226 4246541.7224),EPSG:5258,470618.7226,4246541.7224,38.35126394110146,38.66387582774514,6638,UAVT 253043830,Maks_Bina,inside,0.000031326575497171285,high,,insert,,6638
359,9177900,,,254183,PAKSAY,PAKSAY,POINT (470618.7226 4246541.7224),EPSG:5258,470618.7226,4246541.7224,38.35126394110146,38.66387582774514,6638,UAVT 253043830,Maks_Bina,inside,0.000031326575497171285,high,,insert,,6638
360,12206422,,,194159,BAYLAN,BAYLAN,POINT (470591.344 4246537.6444),EPSG:5258,470591.344,4246537.6444,38.35122630581761,38.66356278933033,6435,UAVT 251494639,Maks_Bina,inside,0,high,,insert,,6435
361,91753-1,,,192033,PAKSAY,PAKSAY,POINT (470627.8914 4246541.6175999995),EPSG:5258,470627.8914,4246541.6175999995,38.35126329761658,38.66398072224711,6559,UAVT 247620131,Maks_Bina,inside,0.0000618791157899087,high,,insert,,6559
362,9781990,,,372174,CEM,CEM,POINT (470464.4895 4246674.4507),EPSG:5258,470464.4895,4246674.4507,38.35245456593976,38.6621058607431,6640,UAVT 247195043,Maks_Bina,inside,0.000007192044824550216,high,,insert,,6640
363,2403183791,,,192187,KLEPSAN,KLEPSAN,POINT (470466.0688 4246693.7446),EPSG:5258,470466.0688,4246693.7446,38.35262842894432,38.66212312040269,6348,UAVT 259653467,Maks_Bina,inside,0.00003470851010505076,high,,insert,,6348
364,13305720,,,296610,KLEPSAN,KLEPSAN,POINT (470693.6314 4246578.5335),EPSG:5258,470693.6314,4246578.5335,38.351598010846224,38.664731247845694,6416,UAVT 243014529,Maks_Bina,inside,0.0002085976658984653,high,,insert,,6416
365,2503673549,,,455814,KLEPSAN,KLEPSAN,POINT (470077.160615228 4247486.36150467),EPSG:5258,470077.160615228,4247486.36150467,38.35975588201552,38.657640346288886,6777,B23,Maks_Bina,inside,0,high,,insert,,6777
366,2503673589,,,458243,KLEPSAN,KLEPSAN,POINT (470073.219903941 4247504.08860168),EPSG:5258,470073.219903941,4247504.08860168,38.359915446335975,38.657594507497826,6776,B22,Maks_Bina,inside,0,high,,insert,,6776
367,2403374807,,,453618,KLEPSAN,KLEPSAN,POINT (470060.360627214 4247531.59118433),EPSG:5258,470060.360627214,4247531.59118433,38.36016277580914,38.65744621373478,6766,B12,Maks_Bina,inside,0,high,,insert,,6766
368,2403373235,,,453355,KLEPSAN,KLEPSAN,POINT (470049.148503101 4247548.04532481),EPSG:5258,470049.148503101,4247548.04532481,38.36031062939431,38.65731723378442,6765,B11,Maks_Bina,inside,0,high,,insert,,6765
369,2503673562,,,461158,KLEPSAN,KLEPSAN,POINT (470027.176142686 4247580.20103948),EPSG:5258,470027.176142686,4247580.20103948,38.36059957168975,38.65706447450144,6763,B9,Maks_Bina,inside,0,high,,insert,,6763
370,2503673628,,,425817,KLEPSAN,KLEPSAN,POINT (470007.037465134 4247625.99862173),EPSG:5258,470007.037465134,4247625.99862173,38.36101146864604,38.65683211293035,6757,B3,Maks_Bina,inside,0,high,,insert,,6757
371,2503673938,,,425838,KLEPSAN,KLEPSAN,POINT (469988.389898532 4247631.76791018),EPSG:5258,469988.389898532,4247631.76791018,38.361062817095295,38.65661851270475,6756,B2,Maks_Bina,inside,0,high,,insert,,6756
372,2503673554,,,449444,KLEPSAN,KLEPSAN,POINT (469968.381614362 4247637.93714294),EPSG:5258,469968.381614362,4247637.93714294,38.361117722459426,38.65638932658104,6755,B1,Maks_Bina,inside,0,high,,insert,,6755
373,2503673519,,,461279,KLEPSAN,KLEPSAN,POINT (469954.634760464 4247606.68269188),EPSG:5258,469954.634760464,4247606.68269188,38.36083570329458,38.65623337433897,6759,B5,Maks_Bina,inside,0,high,,insert,,6759
374,2503673576,,,455718,KLEPSAN,KLEPSAN,POINT (469993.21156866 4247594.76853325),EPSG:5258,469993.21156866,4247594.76853325,38.360729666882214,38.65667525379806,6761,B7,Maks_Bina,inside,0,high,,insert,,6761
375,2503673702,,,449544,KLEPSAN,KLEPSAN,POINT (470012.084642279 4247588.94048442),EPSG:5258,470012.084642279,4247588.94048442,38.360677796524485,38.656891435611726,6762,B8,Maks_Bina,inside,0,high,,insert,,6762
376,2403195244,,,468972,KLEPSAN,KLEPSAN,POINT (469947.353612679 4247573.40077128),EPSG:5258,469947.353612679,4247573.40077128,38.36053563626079,38.656151486109174,6767,B13,Maks_Bina,inside,0,high,,insert,,6767
377,2403105682,,,454289,KLEPSAN,KLEPSAN,POINT (469947.353612679 4247573.40077128),EPSG:5258,469947.353612679,4247573.40077128,38.36053563626079,38.656151486109174,6767,B13,Maks_Bina,inside,0,high,,insert,,6767
378,2503673624,,,456999,KLEPSAN,KLEPSAN,POINT (469947.353612679 4247573.40077128),EPSG:5258,469947.353612679,4247573.40077128,38.36053563626079,38.656151486109174,6767,B13,Maks_Bina,inside,0,high,,insert,,6767
379,2503673508,,,461566,KLEPSAN,KLEPSAN,POINT (469966.350798121 4247567.54571195),EPSG:5258,469966.350798121,4247567.54571195,38.36048352770152,38.65636908886702,6768,B14,Maks_Bina,inside,0,high,,insert,,6768
380,2503679605,,,459356,KLEPSAN,KLEPSAN,POINT (469985.870554866 4247561.52827676),EPSG:5258,469985.870554866,4247561.52827676,38.36042997347193,38.65659267713795,6769,B15,Maks_Bina,inside,0,high,,insert,,6769
381,2503673984,,,457373,KLEPSAN,KLEPSAN,POINT (470004.836867487 4247555.68332314),EPSG:5258,470004.836867487,4247555.68332314,38.360377954094155,38.65680992561309,6770,B16,Maks_Bina,inside,0,high,,insert,,6770
382,2503679574,,,458840,KLEPSAN,KLEPSAN,POINT (469999.144714073 4247521.91124761),EPSG:5258,469999.144714073,4247521.91124761,38.36007352505462,38.6567462364764,6774,B20,Maks_Bina,inside,0,high,,insert,,6774
383,2503673583,,,453655,KLEPSAN,KLEPSAN,POINT (470018.372034104 4247516.95570276),EPSG:5258,470018.372034104,4247516.95570276,38.36002952642967,38.65696643222227,6775,B21,Maks_Bina,inside,0,high,,insert,,6775
384,3647678,,,186512,GÜNAL,GÜNAL,POINT (470182.5387 4246620.6322),EPSG:5258,470182.5387,4246620.6322,38.35196039795066,38.65888259530901,6525,UAVT 258836675,Maks_Bina,inside,0.0000073724850389846,high,,insert,,6525
385,24649469,,,195045,BAYLAN,BAYLAN,POINT (470159.9663 4246473.4914),EPSG:5258,470159.9663,4246473.4914,38.35063411469371,38.65863058994881,6503,UAVT 255106437,Maks_Bina,inside,0,high,,insert,,6503
386,91161-1,,,254182,PAKSAY,PAKSAY,POINT (470158.8745 4246536.8274),EPSG:5258,470158.8745,4246536.8274,38.35120464669701,38.658615421305726,6462,BAYRAM İLHAN,Maks_Bina,inside,0,high,,insert,,6462
387,26687074,,,341740,BAYLAN,BAYLAN,POINT (470179.3716 4246689.897),EPSG:5258,470179.3716,4246689.897,38.352584270937314,38.658843436070384,6492,UAVT 247003163,Maks_Bina,inside,0.00010746835169771516,high,,insert,,6492
388,7503531,,,274251,CEM,CEM,POINT (470335.8321 4246771.4796),EPSG:5258,470335.8321,4246771.4796,38.35332440938281,38.660629929790986,6523,UAVT 253352892,Maks_Bina,inside,0.00009380280637123845,high,,insert,,6523
389,25902825,,,193898,BAYLAN,BAYLAN,POINT (470332.942 4246739.8761),EPSG:5258,470332.942,4246739.8761,38.35303961061017,38.66059819537869,6446,UAVT 250357837,Maks_Bina,inside,0,high,,insert,,6446
390,1472506,,,192400,KLEPSAN,KLEPSAN,POINT (469602.1338 4250707.1548999995),EPSG:5258,469602.1338,4250707.1548999995,38.388754574370296,38.65206653948404,6339,UAVT 248111924,Maks_Bina,inside,0.000007804806898796738,high,,insert,,6339
391,23162226,,,401558,KLEPSAN,KLEPSAN,POINT (469585.5424 4250677.8341),EPSG:5258,469585.5424,4250677.8341,38.3884898732568,38.65187790410162,6487,UAVT 254947575,Maks_Bina,inside,0.000015320248855980974,high,,insert,,6487
392,12205180,,,192215,KLEPSAN,KLEPSAN,POINT (470221.9696 4246726.5004),EPSG:5258,470221.9696,4246726.5004,38.352915432875186,38.65932921652619,6467,UAVT 255513541,Maks_Bina,inside,0,high,,insert,,6467
393,22295258,,,391441,KLEPSAN,KLEPSAN,POINT (470221.9696 4246726.5004),EPSG:5258,470221.9696,4246726.5004,38.352915432875186,38.65932921652619,6467,UAVT 255513541,Maks_Bina,inside,0,high,,insert,,6467
394,8226661,,,192208,CEM,CEM,POINT (470437.6496 4246511.8868),EPSG:5258,470437.6496,4246511.8868,38.350989208148015,38.661805621432364,6723,UAVT 557398930,Maks_Bina,inside,0,high,,insert,,6723
395,26691718,,,192194,BAYLAN,BAYLAN,POINT (470443.5212 4246531.7295),EPSG:5258,470443.5212,4246531.7295,38.35116815675581,38.66187196045934,6377,UAVT 248785107,Maks_Bina,inside,0.000017114385535009742,high,,insert,,6377
396,6273862,,,192211,BAYLAN,BAYLAN,POINT (470411.7678 4246529.6183),EPSG:5258,470411.7678,4246529.6183,38.351148089780025,38.66150879389285,6486,UAVT 255100836,Maks_Bina,inside,0.00009963383562900474,high,,insert,,6486
397,91766,,,192212,PAKSAY,PAKSAY,POINT (470459.7767 4246515.3978),EPSG:5258,470459.7767,4246515.3978,38.35102156711848,38.6620586052032,6510,UAVT 253247043,Maks_Bina,inside,0,high,,insert,,6510
398,930417,,,246918,KLEPSAN,KLEPSAN,POINT (470258.5935 4246767.8908),EPSG:5258,470258.5935,4246767.8908,38.3532895186359,38.659746454676444,6359,UAVT 246791420,Maks_Bina,inside,0,high,,insert,,6359
399,91146-1,,,195053,PAKSAY,PAKSAY,POINT (470319.6142 4246746.8083999995),EPSG:5258,470319.6142,4246746.8083999995,38.353101619458116,38.66044543139311,6547,UAVT 242014561,Maks_Bina,inside,0,high,,insert,,6547
400,23163288,,,404735,KLEPSAN,KLEPSAN,POINT (470319.6142 4246746.8083999995),EPSG:5258,470319.6142,4246746.8083999995,38.353101619458116,38.66044543139311,6547,UAVT 242014561,Maks_Bina,inside,0,high,,insert,,6547
401,871311,,,281081,PAKSAY,PAKSAY,POINT (466296.6891 4251193.2789),EPSG:5258,466296.6891,4251193.2789,38.39301541977103,38.61420996368796,6536,UAVT 254453327,Maks_Bina,inside,0.00008539643095466641,high,,insert,,6536
